customer_id,age,gender,region,plan_type,tenure_months,days_since_last_purchase,purchase_frequency,avg_order_value,total_spend,login_frequency_monthly,email_open_rate,pages_per_session,support_tickets,avg_resolution_days,complaints,churn
CUST0001,56,Male,North,Basic,33,114,2.8,112.24,864.25,2.4,0.16,2.8,0,2.3,0,1
CUST0002,69,Male,South,Basic,24,1,1.7,64.53,219.4,16.8,0.09,1,3,0.5,0,1
CUST0003,46,Male,West,Premium,44,102,9.8,49.73,1786.96,1.6,0.12,1,0,1.3,1,1
CUST0004,32,Female,North,Premium,11,38,1.7,87.1,135.73,2.6,0.59,3.3,5,2.2,2,1
CUST0005,60,Male,West,Standard,17,85,2.4,81.07,275.64,20.3,0.33,3,1,2.9,0,0
CUST0006,25,Male,South,Premium,4,112,4.5,91.26,136.89,3.8,0.52,4.2,2,1.2,1,1
CUST0007,38,Male,North,Standard,47,29,3.1,49.81,604.78,3.5,0.08,7.4,0,2,1,1
CUST0008,56,Female,East,Standard,25,5,1.7,107.93,382.25,1.5,0.38,5.1,1,1.6,0,0
CUST0009,36,Female,South,Basic,30,113,2.3,60.8,349.6,6,0.45,3.7,1,0.5,1,1
CUST0010,40,Male,East,Premium,9,74,6.3,95.42,450.86,0.1,0.48,6.4,0,2.7,1,0
CUST0011,28,Male,West,Basic,21,92,1.3,51.09,116.23,0.3,0.08,4.3,5,0.5,2,1
CUST0012,28,Male,West,Premium,20,21,0.6,154.44,154.44,4.6,0.55,7.2,2,0.5,0,0
CUST0013,41,Male,South,Premium,19,114,1.5,95.87,227.69,2.1,0.56,2.7,2,1.2,1,1
CUST0014,53,Female,West,Standard,19,71,7.6,161.53,1943.74,15.3,0.35,1.7,0,4,0,0
CUST0015,57,Female,East,Basic,12,67,0.5,99.83,49.92,11.7,0.48,1,1,0.5,1,1
CUST0016,41,Female,North,Basic,37,109,19.2,58.16,3443.07,6.3,0.42,3.8,2,0.5,0,0
CUST0017,20,Female,North,Basic,42,47,3.1,99.88,1083.7,8.5,0.02,1.5,2,0.5,0,1
CUST0018,39,Male,North,Basic,17,84,16.8,102.02,2428.08,5.5,0.37,1.5,0,0.9,1,0
CUST0019,19,Male,South,Basic,37,83,11.2,86.2,2976.77,0.7,0.23,6.1,4,1.7,0,1
CUST0020,41,Male,West,Premium,54,35,2.4,93.91,1014.23,7.3,0.21,1,0,0.5,0,1
CUST0021,61,Female,East,Standard,48,68,0.9,97.85,352.26,1.2,0.43,4.2,0,3.2,1,1
CUST0022,47,Male,West,Basic,39,69,0.7,45.19,102.81,2,0.21,3.8,1,2.8,1,1
CUST0023,55,Female,West,Basic,28,1,1.1,43.05,110.5,8.6,0.36,4.2,0,2.4,0,0
CUST0024,19,Female,West,Standard,41,68,5,51.17,874.15,3.8,0.18,6.8,1,1.3,0,1
CUST0025,38,Male,North,Standard,35,12,1.3,78.83,298.9,9.8,0.24,2.3,2,0.9,2,1
CUST0026,50,Male,East,Standard,47,60,1.7,68.3,454.76,1.2,0.27,6.8,2,0.9,0,1
CUST0027,29,Male,East,Premium,48,27,2.4,45.73,439.01,4.7,0.07,1,1,1.4,0,0
CUST0028,39,Female,West,Standard,18,56,9.8,98.26,1444.42,0.4,0.26,5.3,0,0.5,1,1
CUST0029,61,Male,North,Premium,14,106,0.8,83.49,77.92,5.2,0.34,7,1,2.3,3,1
CUST0030,42,Female,North,Premium,35,23,0.5,80.07,116.77,7.2,0.38,1,1,0.9,0,0
CUST0031,66,Male,East,Basic,44,25,0.5,67.26,123.31,4.4,0.19,3.9,3,0.5,1,1
CUST0032,44,Female,North,Premium,41,21,9.4,63.65,2044.23,1.5,0.34,3.8,1,0.7,0,0
CUST0033,59,Female,North,Basic,7,61,4.2,49.76,121.91,0.2,0.14,4.1,0,0.5,0,1
CUST0034,45,Male,North,Premium,41,63,1.3,103.01,457.54,0.6,0.1,7.4,2,4.6,0,1
CUST0035,33,Female,South,Basic,13,52,0.8,53.9,46.71,4.9,0.24,2.5,2,0.5,0,0
CUST0036,32,Female,West,Premium,18,88,1.4,81.28,170.69,13.6,0.26,1.6,3,4.3,0,1
CUST0037,64,Male,East,Premium,37,25,0.5,124.86,192.49,1.2,0.33,4.2,1,1.7,0,0
CUST0038,68,Female,East,Premium,13,109,11.4,65.03,803.12,6.6,0.15,6.2,1,4,0,0
CUST0039,61,Male,South,Premium,36,55,6.1,103.82,1899.91,10.1,0.22,5.1,0,1.3,0,1
CUST0040,69,Female,West,Basic,31,46,2.5,92.06,594.55,3.7,0.04,4.1,0,5.3,1,0
CUST0041,20,Male,East,Basic,2,32,8,84.34,112.45,5.5,0.22,3.5,1,0.5,2,0
CUST0042,54,Male,North,Standard,16,55,1.1,87.91,128.93,8.4,0.69,1,3,1.6,1,1
CUST0043,68,Female,East,Basic,9,96,5.1,72.15,275.97,1.5,0.1,5.2,0,0.5,0,1
CUST0044,24,Female,North,Standard,9,5,7.8,76.04,444.83,1.8,0.5,5.4,1,1.2,1,0
CUST0045,38,Female,South,Basic,38,36,1.8,58.56,333.79,0,0.25,2.6,0,1.7,0,1
CUST0046,26,Female,North,Premium,11,110,5.7,76.24,398.35,16.5,0.28,3.1,3,1.9,0,1
CUST0047,56,Female,East,Standard,54,106,1.4,57.44,361.87,12.5,0.1,1.9,1,0.9,1,1
CUST0048,35,Male,East,Premium,56,49,1.4,105.17,687.11,7.2,0.31,5.7,0,0.5,0,0
CUST0049,21,Female,East,Basic,22,106,0.5,24.02,22.02,0.4,0.2,3.3,3,2.1,2,1
CUST0050,42,Male,South,Premium,33,58,2.3,89.43,565.64,3,0.26,3.7,1,1.3,1,1
CUST0051,31,Male,South,Premium,36,39,5.2,85.1,1327.56,0.5,0.19,5.3,0,0.5,1,1
CUST0052,67,Female,West,Standard,45,80,11.3,82.38,3490.85,0.1,0.12,4.7,1,5.5,0,1
CUST0053,26,Male,East,Standard,23,97,3.7,105.73,749.8,4.8,0.28,5.1,0,6.2,1,1
CUST0054,43,Male,North,Premium,45,113,8,66.42,1992.6,16.2,0.33,4.3,0,3.9,0,0
CUST0055,19,Male,South,Basic,45,85,6.9,82.66,2138.83,11.7,0.2,4.4,2,3.7,1,0
CUST0056,37,Male,East,Standard,34,61,0.8,23.5,53.27,6,0.15,4.4,2,0.5,1,1
CUST0057,45,Female,East,Basic,9,9,2.7,62.54,126.64,0.5,0.16,4.9,0,10,0,0
CUST0058,64,Male,South,Basic,24,6,0.5,100.67,100.67,1.6,0.42,5,1,1,1,0
CUST0059,24,Female,West,Basic,8,115,4.6,34.83,106.81,1.9,0.3,1.6,3,0.5,0,1
CUST0060,61,Female,South,Basic,7,109,12,79.79,558.53,7.2,0.33,2.8,1,3.3,0,1
CUST0061,25,Male,South,Basic,36,35,0.6,54.67,98.41,8.1,0.37,3.6,1,0.5,1,1
CUST0062,64,Female,North,Basic,18,39,5.3,71.67,569.78,2.4,0.05,4.9,2,1.5,0,1
CUST0063,52,Female,North,Premium,3,22,4,56.47,56.47,2.7,0.11,7.2,1,0.5,0,0
CUST0064,31,Female,West,Standard,28,41,3.5,37.58,306.9,0.2,0.54,2.4,0,1.3,0,0
CUST0065,34,Male,East,Premium,6,118,2,86.58,86.58,1.7,0.07,5.8,1,1.6,0,1
CUST0066,53,Female,South,Standard,44,5,1.8,73.51,485.17,3,0.19,2.9,0,1.2,2,1
CUST0067,67,Female,West,Basic,44,42,0.5,93.38,171.2,0.6,0.45,6.7,2,0.5,0,0
CUST0068,57,Female,North,Standard,21,87,1,98.83,172.95,3,0.22,7.8,2,1.3,1,1
CUST0069,21,Male,South,Standard,28,81,0.5,111.76,130.39,9.6,0.16,1,1,1.3,0,1
CUST0070,19,Female,East,Basic,40,76,3.5,79,921.67,4.4,0.24,3.3,2,0.6,2,1
CUST0071,23,Male,North,Standard,54,87,0.5,113.06,254.38,0.4,0.24,1,2,5.1,0,1
CUST0072,59,Male,North,Basic,54,80,8.3,45.73,1708.02,1.1,0.17,1,0,1.1,0,0
CUST0073,21,Male,North,Standard,1,67,3,102.27,25.57,3.2,0.02,1,2,4,0,1
CUST0074,46,Male,West,Standard,36,30,4.8,88.78,1278.43,2.2,0.11,5.2,3,0.5,1,1
CUST0075,35,Male,East,Basic,21,57,2.1,81.99,301.31,2.2,0.24,4.9,0,0.8,1,1
CUST0076,43,Male,South,Basic,43,86,3.3,88.34,1044.62,3.8,0.18,5.6,5,0.5,0,1
CUST0077,61,Female,West,Premium,35,73,11.4,46.18,1535.48,4.4,0.41,5.2,2,1,0,0
CUST0078,51,Male,West,Standard,13,29,0.5,39.1,21.18,8,0.23,5,1,0.5,1,1
CUST0079,27,Female,West,Basic,57,111,1.2,126.29,719.85,2.1,0.4,4.2,1,1.2,0,1
CUST0080,53,Female,North,Premium,49,37,6.1,69.94,1742.09,8.2,0.13,3.7,0,0.9,0,0
CUST0081,31,Male,East,Basic,54,87,0.5,69.51,156.4,2.1,0.36,6,3,0.5,1,1
CUST0082,48,Female,West,Standard,54,13,0.5,41.93,94.34,0.3,0.11,4,1,2.1,0,1
CUST0083,65,Female,South,Premium,10,32,1.8,30.55,45.82,4,0.22,5.1,1,6,0,1
CUST0084,32,Female,East,Basic,53,46,0.5,72.35,159.77,4.4,0.46,1,1,0.5,0,0
CUST0085,25,Female,South,Basic,44,116,3.5,64.75,830.96,13.6,0.13,1.6,1,2.5,1,1
CUST0086,31,Male,East,Basic,47,111,1,75.05,293.95,6.5,0.34,6,1,2.7,2,1
CUST0087,40,Female,South,Basic,53,112,9,77.61,3085,12.5,0.3,2.7,1,1.4,0,0
CUST0088,57,Male,North,Basic,10,23,6.1,149.68,760.87,11.9,0.14,1.2,1,4.6,0,1
CUST0089,38,Female,West,Standard,46,45,4.8,64.84,1193.06,4.6,0.41,5.3,2,6.8,0,0
CUST0090,33,Female,South,Basic,13,17,3.8,122.4,503.88,3.8,0.27,4,2,0.9,0,0
CUST0091,62,Male,East,Standard,37,119,8,124.26,3065.08,4.1,0.47,3.2,0,2.1,2,1
CUST0092,35,Female,West,Premium,38,104,1,97.61,309.1,19.2,0.21,7,1,2.2,0,1
CUST0093,64,Female,West,Premium,24,85,8.3,67.95,1127.97,7.4,0.6,6.7,1,1,0,1
CUST0094,41,Female,East,Standard,2,66,6.2,34.16,35.3,0.6,0.62,3.6,1,0.8,0,0
CUST0095,43,Male,South,Basic,22,101,5.5,89.34,900.84,7.5,0.2,5.4,2,5.4,1,1
CUST0096,42,Female,North,Standard,17,6,3.3,105.56,493.49,0.9,0.6,1,0,3.1,0,0
CUST0097,62,Male,North,Standard,36,108,1.1,127.43,420.52,3,0.15,6.2,1,0.5,0,1
CUST0098,58,Female,South,Standard,14,18,2.2,46.5,119.35,1.2,0.06,1.8,1,0.5,2,0
CUST0099,46,Male,West,Basic,10,94,6.3,67.69,355.37,5.8,0.42,1.1,1,5.1,1,1
CUST0100,32,Male,West,Premium,35,22,0.5,46.68,68.08,10.5,0.1,1,0,0.5,0,0
CUST0101,62,Female,West,Standard,25,118,6.1,56,711.67,1.7,0.29,1,0,2.3,0,1
CUST0102,18,Female,West,Basic,3,33,1.1,94.93,26.11,0.4,0.26,6.2,2,0.5,0,1
CUST0103,42,Male,South,Basic,47,30,0.6,54.62,128.36,1.8,0.28,5.3,1,0.5,1,0
CUST0104,24,Male,West,Standard,38,81,0.5,50.27,79.59,5.6,0.29,2.5,1,0.5,0,0
CUST0105,26,Female,East,Premium,17,107,0.5,98.91,70.06,2,0.14,5.7,0,0.9,0,1
CUST0106,41,Male,West,Standard,12,32,3,88.52,265.56,1.6,0.24,2.8,3,0.5,0,1
CUST0107,18,Female,North,Premium,54,42,1,85.5,384.75,1,0.19,4.6,0,1.8,1,0
CUST0108,61,Female,West,Basic,52,115,18.2,55.41,4370,3.4,0.27,3,1,2.1,0,0
CUST0109,25,Female,South,Standard,24,78,3.4,113.79,773.77,1.6,0.22,3.8,1,0.9,0,0
CUST0110,41,Female,North,Standard,29,10,0.6,75.43,109.37,6.6,0.44,2.2,1,2.7,0,0
CUST0111,28,Male,South,Basic,43,111,4.7,146.41,2465.79,0.4,0.23,2.5,2,1.3,0,1
CUST0112,68,Female,South,Basic,25,115,9.1,79.83,1513.44,5.5,0.19,5.1,1,1.1,0,0
CUST0113,34,Male,North,Premium,36,36,5.5,10,165,1.4,0.27,5.4,0,1,1,0
CUST0114,25,Female,South,Basic,58,34,0.5,10,24.17,3.4,0.11,3.2,2,1.1,0,0
CUST0115,52,Male,South,Standard,26,73,9,93.72,1827.54,1.7,0.26,1,0,6.9,0,0
CUST0116,52,Female,West,Basic,38,106,6.3,114.01,2274.5,6.4,0.02,8.9,3,2.3,0,1
CUST0117,50,Male,East,Basic,1,28,0.7,51.49,3,14.5,0.35,4.1,1,0.8,0,0
CUST0118,22,Male,South,Basic,20,11,0.5,138.03,115.02,12.4,0.36,4.6,1,2.6,2,1
CUST0119,59,Female,South,Premium,55,78,3.3,124.89,1888.96,4.4,0.21,1.5,1,0.8,0,0
CUST0120,56,Female,South,Premium,28,39,0.7,81.32,132.82,3.1,0.02,6.4,2,0.5,0,1
CUST0121,58,Female,West,Premium,16,119,7.2,91.18,875.33,8.5,0.2,6.7,2,1.3,0,1
CUST0122,45,Female,East,Standard,47,47,1.8,101.84,717.97,5.7,0.5,1,2,2.8,0,0
CUST0123,24,Male,North,Basic,17,118,9.8,131.7,1828.44,1,0.1,3.8,0,0.9,1,1
CUST0124,26,Female,West,Standard,40,19,3.3,95.46,1050.06,8.6,0,3.6,1,4.1,0,0
CUST0125,25,Male,West,Standard,28,118,0.8,80.64,150.53,2.8,0.37,8.8,2,1,3,1
CUST0126,29,Male,East,Premium,58,15,0.6,95.17,275.99,1,0.68,6.9,0,0.9,0,0
CUST0127,51,Female,East,Basic,12,28,3.4,91.12,309.81,1.7,0.21,1.1,3,12.7,1,1
CUST0128,50,Male,West,Standard,27,24,5.7,102.73,1317.51,1.6,0.28,2.5,3,1.3,0,0
CUST0129,65,Male,North,Basic,54,72,6.1,27.9,765.85,3.7,0.26,2.2,0,3.3,1,1
CUST0130,40,Male,West,Basic,53,107,1.3,84.48,485.06,1.3,0.15,4.7,3,3.3,3,1
CUST0131,41,Male,East,Standard,42,9,0.9,88.81,279.75,0.7,0.35,7.1,1,5.2,1,1
CUST0132,54,Female,North,Standard,59,47,0.5,72.81,178.99,0.7,0.12,4.2,0,0.5,1,1
CUST0133,52,Female,East,Basic,47,33,4.5,98.52,1736.41,4.4,0.21,5,0,0.6,0,0
CUST0134,61,Female,North,Basic,30,62,0.5,132.64,165.8,6.6,0.17,2.7,2,2.9,1,1
CUST0135,57,Female,South,Standard,41,97,2.2,79.15,594.94,1.9,0.61,5,1,1.7,0,1
CUST0136,39,Male,East,Premium,34,19,3.7,95.75,1003.78,0.2,0.14,3.1,1,1.6,0,1
CUST0137,44,Male,East,Premium,37,67,11.1,123.19,4216.18,0.7,0.3,1,2,0.5,0,1
CUST0138,52,Female,West,Premium,6,74,1.5,79.85,59.89,12.3,0.55,4.9,1,0.7,1,1
CUST0139,18,Female,East,Premium,7,40,1.1,48.35,31.02,3.4,0.16,4,0,1.5,1,1
CUST0140,52,Female,East,Basic,32,47,4.2,93.47,1046.86,3,0.55,1.8,1,0.6,0,0
CUST0141,54,Male,South,Standard,32,106,3.9,10,104,0.2,0.45,7.3,2,0.5,0,1
CUST0142,64,Female,East,Standard,53,65,1.6,10,70.67,6.5,0.21,2.5,1,0.5,1,1
CUST0143,31,Female,South,Basic,25,29,10.5,84.99,1859.16,3.8,0.08,5.2,0,0.5,1,0
CUST0144,20,Female,South,Premium,33,50,7.5,10,206.25,1.1,0.17,3.3,1,2.9,1,0
CUST0145,18,Male,South,Basic,55,98,1,35.54,162.89,0.6,0.16,7.1,0,2.5,0,1
CUST0146,22,Male,South,Premium,58,115,1.1,63.6,338.14,2.4,0.26,3.5,2,0.5,0,1
CUST0147,43,Male,North,Standard,7,13,2.9,53.36,90.27,9.1,0.13,1,1,0.5,0,0
CUST0148,31,Male,West,Standard,52,118,5.9,70.57,1804.24,10,0.28,5.6,2,1.6,0,1
CUST0149,56,Male,North,Standard,57,1,0.5,108.39,257.43,4.6,0.3,7.1,1,0.8,2,0
CUST0150,44,Male,East,Premium,12,34,4.7,82.15,386.1,6.5,0.42,3.1,2,3.5,0,1
CUST0151,26,Male,North,Standard,16,93,4.2,49.82,278.99,0.6,0.21,5.4,3,3.1,1,1
CUST0152,32,Male,North,Standard,16,48,1.1,115.63,169.59,4.4,0.27,4.3,1,4.4,1,1
CUST0153,32,Female,East,Basic,43,111,4.6,32.13,529.61,5.5,0.12,3.2,2,1.7,0,1
CUST0154,43,Female,East,Standard,53,77,11.3,81.66,4075.51,1.1,0.44,5.7,1,0.9,1,0
CUST0155,59,Male,East,Basic,36,48,0.5,28.8,43.2,10.6,0.43,2.4,2,1.9,1,0
CUST0156,30,Male,North,Standard,13,49,1.5,82.57,134.18,1.1,0.08,4.1,0,0.5,1,0
CUST0157,68,Female,North,Standard,7,117,2.3,65.44,87.8,1.9,0.66,4.5,1,0.5,0,1
CUST0158,49,Male,East,Standard,36,64,9.2,107.47,2966.17,4.8,0.11,4.4,2,0.5,1,1
CUST0159,56,Male,West,Basic,47,61,13.1,96.62,4957.41,5.1,0.46,2.4,1,1,2,0
CUST0160,66,Male,West,Basic,51,29,2.3,57.39,560.99,6,0.33,8.1,1,0.5,0,0
CUST0161,69,Female,South,Standard,9,39,5.5,51.63,212.97,0.6,0.33,6.5,2,0.5,1,0
CUST0162,49,Female,East,Basic,32,88,3,65.55,524.4,9.5,0.22,6,1,1.9,1,1
CUST0163,21,Female,South,Basic,11,26,3.1,131.27,373.03,3.8,0.47,6.9,1,10.6,1,1
CUST0164,47,Female,West,Basic,8,17,1.3,123.57,107.09,3.2,0.16,4.1,1,0.5,0,0
CUST0165,54,Female,South,Premium,33,71,1,45.95,126.36,19.8,0.16,3.3,0,1.6,1,0
CUST0166,40,Male,East,Standard,23,13,1.4,99.01,265.68,6.7,0.13,1.8,1,0.5,0,0
CUST0167,56,Female,East,Basic,25,69,3.3,23.06,158.54,0.6,0.31,2.6,2,5.4,1,1
CUST0168,62,Male,East,Basic,56,26,0.5,61.58,143.69,7.1,0.55,2,0,0.7,0,0
CUST0169,32,Male,North,Basic,8,49,9.5,47.17,298.74,0.5,0.27,2.9,2,4.2,0,0
CUST0170,60,Female,South,Premium,45,67,0.7,107.08,281.08,0.1,0.59,4.6,1,0.7,1,1
CUST0171,46,Female,West,Standard,22,7,1,36.28,66.51,2.6,0.17,5.8,0,3.3,0,0
CUST0172,53,Male,West,Basic,59,58,2.9,87.88,1253.02,25.2,0.27,5.8,3,0.5,1,1
CUST0173,30,Male,West,Basic,4,49,5,75.02,125.03,1,0.05,1.7,0,0.7,2,1
CUST0174,49,Male,North,Basic,40,103,0.5,69.74,116.23,5.6,0.27,5.4,1,0.5,0,1
CUST0175,24,Female,North,Standard,3,53,1.5,125.15,46.93,1,0.49,6.3,1,0.6,0,1
CUST0176,68,Female,East,Premium,29,65,13.9,127.79,4292.68,6.5,0.17,3.5,1,3.6,1,0
CUST0177,39,Female,West,Basic,41,113,1.2,70.67,289.75,3.5,0.32,6.4,1,2,0,1
CUST0178,45,Female,North,Basic,29,62,1.5,64.62,234.25,5.7,0.03,5.8,1,1,0,1
CUST0179,19,Female,East,Basic,34,17,7.2,29.79,607.72,1.1,0.44,1.5,1,7.1,0,0
CUST0180,59,Male,West,Premium,34,43,0.5,74.87,106.07,6.8,0.48,8.4,1,1.3,2,0
CUST0181,62,Female,South,Basic,28,25,2.5,133.6,779.33,27.2,0.06,2.6,0,7,0,0
CUST0182,23,Male,East,Premium,13,3,1.9,71.14,146.43,5.5,0.25,5.9,1,0.5,1,0
CUST0183,45,Male,North,Standard,15,79,1.5,96.86,181.61,3.4,0.46,5.8,2,4.7,1,0
CUST0184,45,Male,North,Basic,23,29,1.3,33.08,82.42,12.8,0.2,1.6,1,0.5,2,0
CUST0185,61,Female,East,Basic,44,117,0.5,61.96,113.59,0.1,0.12,4.4,1,1.6,0,1
CUST0186,61,Female,East,Basic,26,107,1.5,88.87,288.83,6.5,0.3,5.8,1,1.1,0,1
CUST0187,37,Female,North,Standard,4,32,0.5,78.18,13.03,11,0.42,1.5,0,1.5,1,1
CUST0188,47,Male,South,Premium,26,26,6.1,99.74,1318.23,0.3,0.4,4.2,1,1.6,0,0
CUST0189,28,Male,West,Standard,40,16,2,56.92,379.47,3,0.2,6,4,1,0,1
CUST0190,45,Male,South,Standard,9,25,2.3,22.5,38.81,1.1,0.56,6.1,0,12.6,2,1
CUST0191,42,Male,East,Basic,55,54,9,108.66,4482.22,4.2,0.05,3.2,1,7.5,0,0
CUST0192,56,Male,South,Premium,5,28,4.3,46.92,84.06,5.2,0.33,7.1,0,6.5,0,1
CUST0193,50,Male,North,Premium,56,73,0.5,90.2,210.47,1.8,0.53,6.6,1,7.7,1,1
CUST0194,18,Female,East,Basic,32,56,11.5,88.53,2714.92,3.1,0.28,4.5,0,3.2,0,1
CUST0195,44,Female,West,Premium,20,65,1.1,25.09,46,1.6,0.19,2.7,0,8.9,1,1
CUST0196,69,Female,North,Standard,50,93,0.5,106.47,221.81,2.3,0.23,1.7,0,4.5,1,1
CUST0197,30,Female,North,Standard,11,86,5.8,58,308.37,0.9,0.21,4.8,1,1.1,0,1
CUST0198,58,Male,West,Standard,15,80,2.8,76.65,268.27,10.8,0.31,6.9,2,3.1,0,1
CUST0199,20,Male,West,Premium,32,41,2.3,64.25,394.07,0.1,0.25,3.7,2,4.9,1,1
CUST0200,56,Female,South,Standard,28,115,1.1,123.68,317.45,10.7,0.06,2.3,3,2.5,1,1
CUST0201,23,Male,East,Basic,22,108,3.2,115.3,676.43,4.2,0.25,5.6,0,1.1,0,0
CUST0202,25,Female,West,Basic,41,51,1.3,20.63,91.63,2,0.37,4.3,1,0.5,1,0
CUST0203,44,Female,West,Premium,17,118,9.3,142.76,1880.86,6.4,0.09,5,1,3.3,0,1
CUST0204,26,Female,East,Basic,59,105,1,54.65,268.7,3.5,0.19,2.9,2,6.1,0,1
CUST0205,54,Male,West,Basic,26,71,8.6,138.07,2572.7,3.5,0.35,3.3,1,0.9,2,1
CUST0206,50,Female,West,Standard,44,78,3.3,67.31,814.45,0.6,0.32,2.9,2,0.5,0,1
CUST0207,68,Female,South,Standard,7,29,7.1,64.77,268.26,2.5,0.18,5,3,0.8,2,1
CUST0208,59,Female,North,Standard,42,83,5,67.58,1182.65,1.4,0.3,3.3,2,1.7,1,1
CUST0209,61,Male,North,Premium,57,19,4.8,62.98,1435.94,0.1,0.18,5.2,1,0.8,0,0
CUST0210,41,Male,North,Basic,26,66,1.6,150.73,522.53,2.2,0.26,2.8,2,1.9,0,1
CUST0211,32,Female,North,Basic,25,41,1.1,72.71,166.63,0.5,0.26,5,1,6.8,0,1
CUST0212,49,Male,West,Basic,10,45,0.9,65.93,49.45,1.5,0.62,5.4,0,2.2,0,0
CUST0213,49,Male,East,Premium,59,15,7.8,77.31,2964.84,0.5,0.18,4.7,1,0.9,1,1
CUST0214,41,Male,East,Standard,45,3,6.9,45.98,1189.73,0.5,0.14,5.8,1,5.5,0,0
CUST0215,58,Male,South,Basic,19,11,2.3,122.91,447.6,1.1,0.3,3,0,1.7,0,0
CUST0216,69,Male,South,Premium,11,53,0.6,30.87,16.98,30,0.34,5.4,2,0.5,2,0
CUST0217,66,Male,West,Premium,13,46,1.9,56.58,116.46,0,0.26,4.5,0,1.4,0,0
CUST0218,66,Male,East,Premium,53,30,3.9,103.1,1775.9,5.1,0.35,2.4,0,2.1,0,0
CUST0219,69,Male,East,Premium,8,57,2.4,76.27,122.03,0.8,0.22,1,1,3.6,0,0
CUST0220,29,Male,North,Basic,40,104,6.1,91.48,1860.09,12.7,0.35,1,2,5.5,0,1
CUST0221,56,Male,West,Premium,4,18,20,120.99,806.6,0.5,0.26,1,0,0.8,0,0
CUST0222,19,Female,West,Standard,47,51,0.8,105.11,329.34,15.5,0.23,4.9,2,0.5,1,1
CUST0223,20,Female,North,Premium,31,48,2.5,79.12,510.98,4.7,0.48,3.4,1,0.5,0,1
CUST0224,66,Male,West,Standard,28,66,2.3,137.68,738.88,0,0.58,4.2,0,2.7,0,1
CUST0225,54,Female,West,Premium,11,96,1.5,56.15,77.21,11.2,0.23,3.6,2,3.2,1,1
CUST0226,66,Female,South,Standard,43,8,0.9,71.99,232.17,3.7,0.06,5.2,2,1.1,0,0
CUST0227,34,Male,East,Basic,1,22,0.5,74.09,3.09,1.5,0.09,5.2,0,1,1,0
CUST0228,66,Male,West,Standard,49,6,8.7,71.93,2555.31,7.3,0.32,4.1,4,6.2,0,0
CUST0229,19,Male,South,Premium,47,76,2.2,42.92,369.83,13.1,0.37,4.2,0,5,0,1
CUST0230,19,Female,East,Premium,52,111,2.7,27.49,321.63,3.3,0.15,4.3,1,0.5,1,1
CUST0231,45,Female,North,Basic,38,57,10,87.52,2771.47,1.9,0.48,6.8,4,3,1,0
CUST0232,40,Male,South,Basic,24,104,6,56,672,7.8,0.23,1,0,1.9,0,1
CUST0233,54,Male,South,Basic,54,36,0.6,132.23,357.02,5.7,0.54,2.7,1,0.5,1,0
CUST0234,49,Male,East,Standard,57,79,3.3,72.82,1141.45,11,0.31,5.7,3,0.9,0,0
CUST0235,50,Female,North,Premium,47,92,2.3,67.46,607.7,5.9,0.51,6.2,0,0.5,0,1
CUST0236,18,Female,South,Basic,31,116,6.4,107.83,1782.79,1.4,0.12,4.9,1,0.7,1,1
CUST0237,36,Female,West,Standard,41,57,5.2,87.07,1546.94,13.4,0.32,3.6,2,1.9,0,0
CUST0238,19,Female,West,Premium,46,49,4.7,69.73,1256.3,0.6,0.35,7.7,1,0.9,0,0
CUST0239,61,Male,West,Standard,50,45,1.7,55.78,395.11,1.6,0.56,4.4,1,1,0,0
CUST0240,43,Male,North,Standard,26,82,6.5,184.73,2601.61,3.7,0.32,4.1,3,1.6,0,1
CUST0241,49,Male,South,Standard,49,66,0.5,85.85,175.28,4.2,0.14,6.7,2,0.5,0,1
CUST0242,23,Male,West,Standard,50,77,0.7,107.53,313.63,0.1,0.12,5,3,2.7,0,1
CUST0243,49,Female,North,Basic,5,45,1.6,44.31,29.54,7.6,0.39,5.9,1,1,1,0
CUST0244,21,Female,West,Standard,20,118,0.5,57.66,48.05,2.2,0.17,6.1,2,1.3,0,1
CUST0245,28,Male,East,Standard,52,79,1.1,138.37,659.56,2.6,0.34,3.3,2,7.3,2,1
CUST0246,34,Male,South,Premium,41,20,7.1,116.91,2836.04,8.3,0.35,7.5,1,0.8,0,0
CUST0247,55,Female,South,Standard,11,64,11.8,88.73,959.76,2.4,0.46,1,4,2.1,2,0
CUST0248,41,Male,North,Premium,56,93,1.5,63.55,444.85,0.2,0.31,1,1,1,0,1
CUST0249,22,Female,North,Basic,54,106,1.2,67.98,367.09,1,0.08,2.6,3,4.5,0,1
CUST0250,69,Male,South,Standard,33,93,1.3,54.72,195.62,15.6,0.31,3.2,1,3.8,1,1
CUST0251,51,Male,West,Basic,50,67,1.3,40.29,218.24,0.4,0.18,4.7,1,0.6,0,1
CUST0252,23,Male,West,Basic,38,83,0.5,102.72,162.64,2.2,0.43,2.6,0,2.4,0,1
CUST0253,39,Male,East,Standard,27,3,10.5,91.16,2153.65,3.5,0.6,4,2,0.5,1,0
CUST0254,28,Male,West,Premium,34,54,1,97.08,275.06,3.4,0.21,3.6,3,6.6,2,0
CUST0255,65,Male,North,Basic,15,78,2.2,64.89,178.45,0,0.45,8,2,0.9,0,1
CUST0256,33,Male,North,Standard,32,64,0.5,82.67,110.23,3.5,0.1,2.4,2,3.6,0,1
CUST0257,50,Female,West,Premium,58,40,7.8,62.04,2338.91,2.4,0.43,1,0,0.8,3,1
CUST0258,26,Female,North,Basic,21,59,5.3,53.18,493.24,17.9,0.41,6.2,2,2,0,0
CUST0259,23,Female,South,Standard,46,55,11.7,125.01,5606.7,0.9,0.56,2.6,1,8.2,0,0
CUST0260,33,Female,South,Standard,5,62,6.1,78.65,199.9,2.2,0.28,3.8,0,4.2,0,1
CUST0261,46,Female,West,Standard,6,4,1.5,90.22,67.66,2.7,0.12,2.7,1,0.5,1,1
CUST0262,20,Male,South,Basic,38,60,1.1,100.07,348.58,2.5,0.1,5.5,1,1.6,0,0
CUST0263,37,Male,South,Basic,22,116,4.8,79.02,695.38,5.5,0.15,1.3,1,0.9,0,1
CUST0264,53,Female,East,Premium,18,75,1.8,82.22,221.99,1.2,0.08,1,0,1.1,0,1
CUST0265,36,Male,East,Standard,14,95,3.3,42.4,163.24,1.2,0.15,6.6,2,0.8,0,1
CUST0266,43,Female,South,Basic,10,107,0.5,48.12,20.05,6.5,0.38,4.5,1,0.8,0,1
CUST0267,20,Female,West,Premium,46,96,0.5,46.57,89.26,3.5,0.34,6.1,1,1.6,1,1
CUST0268,36,Male,East,Basic,13,91,3.1,93.16,312.86,2.7,0.56,6.5,1,0.5,1,0
CUST0269,37,Male,North,Standard,31,30,3.3,77.13,657.53,0.9,0.36,2.2,0,1.5,1,0
CUST0270,49,Male,North,Basic,30,107,5.6,48.12,673.68,1,0.27,4.1,2,0.7,1,1
CUST0271,24,Female,North,Premium,3,2,0.6,92.4,13.86,0.1,0.34,5,0,0.7,0,0
CUST0272,69,Male,West,Basic,30,62,2.9,91.3,661.92,0.5,0.13,3.8,1,2.7,0,1
CUST0273,58,Female,South,Basic,6,49,0.9,54.15,24.37,4.1,0.33,3.4,3,0.5,0,1
CUST0274,50,Female,North,Basic,29,9,0.5,74.17,89.62,11.1,0.53,3.6,2,1,1,0
CUST0275,57,Female,West,Basic,8,92,2.1,91.41,127.97,1.7,0.15,6.2,0,1,0,1
CUST0276,56,Male,East,Premium,44,31,0.7,49.25,126.41,2,0.53,3.5,2,1.3,0,0
CUST0277,35,Male,South,Premium,45,98,1,91.99,344.96,0.6,0.28,5.2,2,2.2,2,1
CUST0278,57,Female,East,Basic,43,61,1.5,84.03,451.66,2.5,0.15,4.7,0,0.9,0,1
CUST0279,18,Male,West,Standard,44,79,1.2,45.02,198.09,0.2,0.27,2.1,1,0.5,2,1
CUST0280,28,Male,North,Standard,33,48,0.5,81.59,112.19,12.5,0.09,4.6,0,4.3,0,0
CUST0281,45,Male,North,Premium,17,25,0.5,85.97,60.9,5.6,0.39,1,1,7.9,1,1
CUST0282,42,Female,West,Standard,48,36,0.9,56.22,202.39,23.4,0.1,4.8,1,0.5,0,0
CUST0283,67,Female,North,Basic,11,8,0.5,58.58,26.85,10.7,0.15,5.8,1,1.6,1,0
CUST0284,40,Male,South,Standard,13,73,3.9,44.75,189.07,3.2,0.63,6.2,0,0.8,1,1
CUST0285,48,Female,West,Standard,50,58,1.4,61.53,358.92,3.7,0.23,2.1,1,0.6,1,0
CUST0286,47,Male,East,Basic,11,101,1.3,74.64,88.95,1.1,0.1,2.9,2,0.8,1,1
CUST0287,59,Male,West,Standard,31,112,1.6,58.66,242.46,3.1,0.28,4.6,1,2,0,1
CUST0288,52,Male,South,Basic,28,45,4.3,30.45,305.52,11.7,0.32,3,2,0.5,0,0
CUST0289,24,Male,South,Premium,44,62,8.2,54.34,1633.82,0.3,0.39,1,1,4.9,1,1
CUST0290,33,Female,West,Basic,6,39,5.7,62.48,178.07,10,0.58,2.9,3,1.3,0,0
CUST0291,43,Female,West,Standard,41,96,5.2,99.51,1767.96,2.1,0.22,4.6,0,0.8,0,1
CUST0292,65,Female,North,Standard,16,58,2.6,92.84,321.85,11.5,0.27,6.1,0,2.9,0,1
CUST0293,69,Male,South,Standard,4,116,4.7,100.09,156.81,14.1,0.4,7.4,0,0.5,1,1
CUST0294,66,Male,West,Basic,35,81,3.2,52.83,493.08,5.6,0.19,4.2,2,1.1,0,1
CUST0295,19,Male,West,Standard,48,99,1,79.25,317,5.5,0.02,5.1,3,0.9,0,1
CUST0296,18,Female,South,Standard,56,101,0.9,10,42,3,0.55,5.9,2,0.8,2,1
CUST0297,65,Male,West,Standard,59,83,1.4,87.87,604.84,9,0.31,1,2,0.8,0,0
CUST0298,29,Female,North,Standard,26,64,9.7,93.33,1961.49,16.3,0.3,2,1,0.5,0,0
CUST0299,22,Female,South,Standard,57,44,3.2,64.45,979.64,7.5,0.26,4.2,2,0.5,0,0
CUST0300,54,Female,North,Premium,12,29,5.3,83.86,444.46,4.9,0.2,7.1,2,0.5,0,0
CUST0301,49,Female,North,Basic,11,59,1.7,29.55,46.05,4.7,0.66,5.3,0,9,1,1
CUST0302,26,Female,North,Premium,37,71,2.1,50.97,330.03,9.5,0.39,4.7,1,0.5,0,1
CUST0303,58,Female,North,Standard,25,92,0.5,97.96,102.04,3.9,0.16,3.5,0,0.5,1,1
CUST0304,52,Male,South,Basic,18,9,0.8,90.34,108.41,8.1,0.26,4.9,0,7.3,1,0
CUST0305,36,Male,North,Basic,19,92,7,62.64,694.26,3.6,0.18,2.8,1,2,0,1
CUST0306,65,Female,North,Basic,23,6,3.5,99.34,666.41,0.3,0.16,2.4,3,1.2,0,1
CUST0307,33,Female,West,Premium,55,29,1.6,79.15,580.43,2.4,0.2,2.6,5,0.5,0,0
CUST0308,20,Male,South,Standard,38,58,6.5,59.87,1232.32,2.9,0.44,6.7,1,2.2,0,0
CUST0309,37,Female,South,Premium,54,17,1.1,69.52,344.12,0.8,0.03,2.3,2,0.5,0,0
CUST0310,41,Female,East,Standard,18,16,14.9,61.34,1370.95,0.5,0.13,3.2,0,2.2,0,0
CUST0311,50,Male,South,Standard,26,87,1.7,39.49,145.45,3.8,0.48,4.9,2,7.7,1,1
CUST0312,41,Female,South,Basic,6,95,1.6,112.7,90.16,0.4,0.35,2.2,2,1.5,0,1
CUST0313,69,Female,East,Basic,4,3,1.5,57.96,28.98,1.8,0.43,4.5,0,0.5,0,0
CUST0314,28,Female,South,Standard,44,21,0.5,50.03,91.72,6.8,0.52,4.5,0,2,0,0
CUST0315,66,Male,South,Basic,51,64,0.5,29.12,61.88,16.7,0.01,2.8,0,1.4,0,1
CUST0316,25,Male,South,Basic,29,90,4.2,10,101.5,6.3,0.29,3.5,0,1.5,0,1
CUST0317,53,Male,South,Standard,59,36,8.3,96.04,3919.23,24.5,0.34,2.1,4,1.3,0,0
CUST0318,55,Female,East,Standard,34,106,6.3,98.81,1763.76,6,0.17,6.8,2,2.2,0,1
CUST0319,57,Female,South,Premium,17,101,0.6,110.79,94.17,1.7,0.38,4.5,0,1.7,0,1
CUST0320,37,Male,South,Premium,43,117,3.2,70.53,808.74,5.6,0.12,1.9,3,8.7,1,1
CUST0321,52,Female,East,Standard,43,86,0.5,65.34,117.07,6.1,0.29,4.3,0,3.5,0,1
CUST0322,65,Female,West,Standard,53,62,0.5,59.77,131.99,2.3,0.32,4.3,2,0.6,3,1
CUST0323,42,Female,North,Standard,16,42,4.3,62.5,358.33,0.1,0.32,1,1,2.6,1,1
CUST0324,52,Female,West,Premium,2,76,3.1,108.59,56.1,6.1,0.26,6.7,1,0.5,1,1
CUST0325,42,Female,East,Basic,34,42,0.5,74.2,105.12,0.1,0.16,2,3,3,0,0
CUST0326,46,Male,North,Standard,55,61,0.5,86.34,197.86,5,0.33,8.2,0,0.5,1,0
CUST0327,35,Female,East,Premium,8,13,18.3,61.74,753.23,0.9,0.38,5.6,2,1.3,0,0
CUST0328,63,Male,East,Basic,13,11,0.5,114.63,62.09,4.2,0.16,1.7,1,3.1,0,1
CUST0329,35,Female,South,Standard,42,54,2.4,17.86,150.02,3.5,0.2,3.4,2,0.7,0,1
CUST0330,19,Male,North,Standard,8,16,2.8,38.38,71.64,0.1,0.34,5.8,0,3.6,0,0
CUST0331,52,Female,South,Basic,30,8,0.5,86.39,107.99,2.3,0.32,3.5,2,2.1,0,0
CUST0332,33,Male,North,Basic,32,104,0.7,127.52,238.04,4.6,0.45,6.4,2,1,1,1
CUST0333,58,Female,East,Basic,36,59,1.7,68.25,348.08,9.4,0.52,3.2,2,1.1,0,0
CUST0334,53,Male,East,Basic,47,57,5.7,49.73,1110.22,11,0.4,3.8,1,5.2,1,0
CUST0335,50,Female,West,Basic,30,40,2.8,105.02,735.14,3.3,0.36,5.9,0,0.5,0,1
CUST0336,21,Male,North,Premium,1,109,4.1,84.71,28.94,6.5,0.68,5.2,3,2.4,0,0
CUST0337,50,Female,South,Basic,43,59,16.8,113.71,6845.34,1.9,0.18,2.1,0,2.5,0,0
CUST0338,31,Male,West,Standard,39,2,5.8,36.29,684.07,2.1,0.25,4.9,0,5.1,0,0
CUST0339,38,Male,West,Basic,17,94,2.3,111.35,362.82,1.1,0.37,4.3,2,2.5,2,1
CUST0340,65,Female,West,Premium,59,94,2.4,28.55,336.89,4.1,0.04,2.2,0,1.8,0,1
CUST0341,37,Female,South,Basic,20,76,3.9,66.35,431.28,1.9,0.19,1.2,2,4.7,0,1
CUST0342,25,Male,West,Standard,24,10,4.4,87.38,768.94,0.4,0.03,1,1,3.5,0,0
CUST0343,24,Female,South,Premium,50,44,2.8,80.58,940.1,5.8,0.07,3.4,3,2.5,0,1
CUST0344,20,Male,West,Premium,22,11,4.1,106.82,802.93,6.2,0.12,3.9,1,0.5,0,0
CUST0345,34,Male,South,Basic,29,79,0.5,20.2,24.41,2.2,0.16,5,0,0.9,1,1
CUST0346,50,Male,East,Premium,22,80,2.2,79.23,319.56,0.4,0.24,5.6,6,2,0,1
CUST0347,65,Female,East,Standard,44,81,1.3,110.99,529.05,2.8,0.23,3.2,0,1.5,0,1
CUST0348,29,Male,East,Standard,9,90,0.6,76.78,34.55,2.9,0.22,3.8,0,0.8,0,1
CUST0349,68,Male,East,Basic,37,2,0.5,40.73,62.79,5.5,0.37,2.5,0,0.5,2,0
CUST0350,39,Female,East,Basic,10,50,3.7,105.23,324.46,1.9,0.18,4.2,4,1.6,0,1
CUST0351,39,Female,West,Standard,36,12,3,55.55,499.95,5.7,0.22,5.9,1,0.7,3,1
CUST0352,63,Female,West,Standard,37,115,1.2,50.27,186,10.3,0.32,4.2,2,0.5,0,1
CUST0353,47,Female,West,Standard,28,90,2.5,46.5,271.25,1.4,0.15,6.3,0,1,0,1
CUST0354,55,Male,South,Standard,28,23,2.7,69.04,434.95,19.3,0.13,5.9,3,3.1,0,0
CUST0355,55,Male,South,Premium,42,18,0.9,80.49,253.54,2.4,0.17,6.9,1,1.3,1,1
CUST0356,62,Male,South,Basic,43,62,4.2,36.93,555.8,1.6,0.56,4.3,0,0.5,0,1
CUST0357,68,Male,South,Standard,21,96,6.1,43.09,459.99,2.7,0.29,2.9,1,0.5,0,1
CUST0358,25,Female,East,Basic,24,113,6.3,54.17,682.54,0.5,0.12,5.2,1,1.4,1,1
CUST0359,44,Male,East,Premium,42,62,3.7,46.35,600.23,0.7,0.07,3.3,1,3.2,0,1
CUST0360,44,Male,East,Standard,40,38,2.9,76.1,735.63,2.7,0.35,5.2,1,2.1,0,0
CUST0361,51,Female,North,Premium,2,111,0.5,85.84,7.15,7.2,0.19,2.7,3,0.5,0,1
CUST0362,38,Male,West,Basic,55,67,1.4,81.72,524.37,11.5,0.43,2.3,1,1.1,0,0
CUST0363,47,Male,South,Basic,8,38,0.5,81.76,27.25,5.5,0.5,6.4,2,3.9,0,0
CUST0364,50,Male,South,Basic,48,67,13.3,125.13,6656.92,0.6,0.26,2,1,0.5,1,0
CUST0365,45,Male,East,Basic,27,94,0.6,87.71,118.41,5.6,0.22,6,1,1.5,2,1
CUST0366,64,Male,South,Basic,22,61,0.7,98.52,126.43,5,0.27,5.2,0,0.9,1,1
CUST0367,50,Male,South,Premium,37,1,8.8,62.56,1697.46,8.2,0.11,4.2,0,0.5,1,0
CUST0368,22,Female,West,Basic,27,94,11.5,103.32,2673.4,8.7,0.19,1,0,0.5,2,0
CUST0369,65,Female,East,Basic,57,45,5.8,61.13,1684.13,10.1,0.15,7,0,1.6,0,0
CUST0370,36,Male,West,Premium,29,96,0.5,87.34,105.54,2.7,0.1,2.1,1,0.5,0,0
CUST0371,21,Male,North,Standard,3,28,0.5,33.86,4.23,6,0.09,5.9,0,0.5,0,1
CUST0372,52,Female,North,Premium,44,21,1.9,79.99,557.26,1.6,0.5,2.6,0,0.9,0,0
CUST0373,66,Male,North,Basic,13,110,0.6,45.74,29.73,30,0.12,2.5,6,0.5,0,0
CUST0374,34,Male,East,Standard,45,13,0.5,103.08,193.28,1,0.51,5.3,0,1,0,0
CUST0375,61,Male,South,Basic,10,27,2.5,101.28,211,0.1,0.29,5.1,1,0.5,1,0
CUST0376,45,Female,East,Basic,36,100,11.5,61,2104.5,0.8,0.3,1.7,2,0.9,0,1
CUST0377,47,Male,East,Premium,9,7,1.6,136.49,163.79,7.5,0.15,6.9,0,3.1,0,0
CUST0378,46,Female,South,Basic,54,22,4.3,66.42,1285.23,3,0.27,3.6,1,2,1,0
CUST0379,63,Male,West,Standard,56,74,4.2,26.64,522.14,3,0.58,4.1,0,1.2,0,0
CUST0380,23,Female,North,Standard,55,103,1.2,51.63,283.96,15.5,0.61,3.4,1,0.5,0,0
CUST0381,52,Female,West,Basic,27,53,4.2,43.68,412.78,12.6,0.17,1.8,1,1.9,0,1
CUST0382,58,Male,North,Premium,34,79,1,86.39,244.77,1.9,0.12,5.5,2,0.5,0,0
CUST0383,54,Female,East,Basic,51,79,0.5,37.94,80.62,1.2,0.26,4.6,2,0.5,0,1
CUST0384,41,Male,North,Standard,1,4,4.8,58.82,23.53,9.4,0.44,2.4,2,2.2,0,0
CUST0385,46,Female,East,Premium,32,96,0.5,84.44,112.59,11.8,0.49,5.9,1,4.9,1,1
CUST0386,66,Male,West,Standard,25,23,20,79.16,3298.33,3.9,0.57,4.1,0,1.2,0,0
CUST0387,63,Male,East,Premium,29,119,0.8,74.62,144.27,5,0.35,4.2,2,0.5,1,1
CUST0388,48,Female,West,Basic,7,70,3.6,78.78,165.44,1.5,0.08,7.6,1,4.2,0,1
CUST0389,52,Male,South,Standard,49,88,2.1,63.88,547.77,8.1,0.34,1,4,0.5,0,1
CUST0390,50,Male,South,Basic,3,84,0.5,26.89,3.36,5,0.15,1,1,4,0,1
CUST0391,69,Female,South,Standard,20,101,0.5,63.09,52.58,3.5,0.35,1.2,1,1,0,1
CUST0392,38,Male,East,Premium,20,84,3.9,89.06,578.89,0.3,0.03,4.7,1,0.9,1,1
CUST0393,49,Male,South,Basic,53,76,6.6,70.89,2066.44,12.4,0.12,3.3,2,1.6,0,0
CUST0394,40,Female,North,Standard,30,33,7.4,86.74,1604.69,4.8,0.29,3.4,0,6.3,0,0
CUST0395,50,Female,West,Basic,35,28,2.6,57.4,435.28,1.1,0.2,2.1,2,4.6,0,0
CUST0396,20,Male,West,Standard,35,8,6,104.83,1834.52,4.7,0.34,7.3,1,1.3,0,0
CUST0397,35,Male,North,Standard,49,1,4.5,10,183.75,5.7,0.46,8,0,2.4,0,0
CUST0398,42,Female,East,Premium,39,37,5.2,79.24,1339.16,3.7,0.45,5.8,2,1.7,1,0
CUST0399,59,Female,East,Standard,27,63,2.7,115.47,701.48,6.3,0.44,1,2,2.4,1,1
CUST0400,48,Male,West,Basic,26,22,4,119.93,1039.39,4.4,0.06,3,0,3.5,2,1
CUST0401,20,Female,South,Basic,14,70,6.5,68.05,516.05,14.8,0.22,5.7,0,0.5,1,1
CUST0402,57,Male,East,Basic,17,21,2,35.21,99.76,0.3,0.23,3.9,1,0.8,0,1
CUST0403,63,Male,East,Basic,18,96,6.6,115.99,1148.3,0.6,0.37,5.8,1,6.4,1,1
CUST0404,41,Male,North,Basic,45,35,3.6,73.44,991.44,1,0.38,6.5,2,6,1,0
CUST0405,67,Male,North,Premium,52,79,0.7,70.23,213.03,5.9,0.26,7.8,3,0.5,0,0
CUST0406,49,Male,South,Standard,29,5,0.5,48.21,58.25,5.2,0.09,2.7,2,0.5,0,0
CUST0407,64,Female,East,Standard,20,60,1.8,37.5,112.5,11.1,0.17,4.2,1,10.2,2,1
CUST0408,39,Female,East,Basic,53,46,3.2,91.92,1299.14,6.6,0.49,3.1,2,1.4,0,0
CUST0409,40,Female,North,Premium,27,50,7.3,95.1,1562.02,3.5,0.26,1,0,1.7,0,1
CUST0410,19,Female,East,Standard,18,48,0.5,81.05,60.79,24,0.4,5.4,1,0.5,1,0
CUST0411,44,Male,West,Basic,4,6,6.4,52.08,111.1,1.5,0.22,5.1,0,4.5,1,1
CUST0412,59,Male,North,Standard,1,89,8,43.05,28.7,9,0.38,2.9,3,0.5,0,1
CUST0413,19,Male,South,Standard,50,56,0.7,32.03,93.42,2.8,0.67,1,0,0.5,0,0
CUST0414,43,Male,North,Basic,1,110,7.6,58.18,36.85,5.2,0.63,3.2,1,0.5,2,0
CUST0415,34,Female,East,Standard,58,59,19,44.82,4115.97,6.5,0.08,5.5,2,5,1,0
CUST0416,57,Male,South,Standard,26,104,5.2,23.72,267.25,5,0.28,6.7,1,2.4,1,1
CUST0417,50,Male,North,Basic,45,29,6.1,94.54,2162.6,0.8,0.36,2.6,2,2.9,1,1
CUST0418,26,Female,West,Premium,20,71,20,35.43,1181,2.9,0.16,6.2,0,0.9,1,0
CUST0419,60,Female,West,Premium,52,104,3.7,104.52,1675.8,4.1,0.05,5.2,0,4.8,1,1
CUST0420,65,Female,North,Standard,23,77,1.5,86.82,249.61,9.5,0.13,4.8,1,3.1,0,1
CUST0421,56,Female,West,Standard,10,102,7.3,83.83,509.97,2.9,0.32,1.4,1,2.8,1,1
CUST0422,46,Male,West,Standard,59,18,3.8,124.96,2334.67,12.6,0.46,1.5,1,7.1,2,0
CUST0423,59,Male,West,Standard,11,2,3.5,36.43,116.88,2.9,0.48,2.3,0,0.9,1,0
CUST0424,43,Female,South,Standard,41,8,1.2,101.21,414.96,4,0.43,3.3,0,1.9,2,0
CUST0425,52,Male,West,Basic,41,75,5.6,66.07,1264.14,8,0.52,7.6,2,4.8,0,0
CUST0426,67,Male,West,Standard,5,97,0.5,152.13,31.69,4.4,0.13,2.7,3,3.1,0,1
CUST0427,42,Male,West,Premium,58,54,10.3,63.58,3165.22,16.1,0.25,5.5,3,1.7,2,0
CUST0428,41,Female,South,Standard,1,38,1.6,58.73,7.83,5.4,0.06,3.1,1,0.5,1,1
CUST0429,30,Male,North,Basic,17,48,0.5,87.77,62.17,3.7,0.38,4.9,0,2.1,0,0
CUST0430,24,Female,East,Premium,22,27,2.3,68.73,289.81,0.1,0.07,3.9,4,1.5,0,0
CUST0431,53,Male,West,Basic,34,20,0.5,52.25,74.02,2.7,0.44,4.4,0,0.5,0,0
CUST0432,62,Male,North,Basic,56,12,4.6,45.89,985.11,1.8,0.29,4.7,1,4.3,0,0
CUST0433,37,Male,West,Basic,45,43,9.3,118.75,4141.41,6.9,0.43,3.5,1,0.8,0,1
CUST0434,18,Female,South,Basic,41,61,7.3,40.1,1000.16,1.2,0.28,4.7,1,1,0,1
CUST0435,25,Male,North,Premium,29,31,0.5,81.69,98.71,1.1,0.51,6.5,0,2.2,1,0
CUST0436,63,Female,South,Standard,4,91,0.5,106.69,17.78,1.1,0.4,2.5,2,1.3,0,1
CUST0437,33,Female,West,Basic,5,96,6.7,108.13,301.86,0.7,0.18,6.4,1,0.5,0,1
CUST0438,31,Female,West,Premium,11,61,10.3,56.95,537.7,1.9,0.24,3.5,1,1,0,0
CUST0439,29,Male,South,Premium,56,74,2.5,68.81,802.78,10.9,0.22,3.3,0,0.5,0,1
CUST0440,68,Male,East,Premium,51,67,2.8,62.99,749.58,7.5,0.03,5.4,3,0.5,0,1
CUST0441,40,Male,South,Basic,21,109,1.5,28.95,75.99,6.6,0.35,3.3,1,0.5,1,1
CUST0442,32,Male,West,Standard,35,91,9,91.13,2392.16,8,0.21,4.6,0,0.5,0,1
CUST0443,45,Female,South,Premium,12,35,4.1,76.16,312.26,1.6,0.15,4.5,1,0.8,0,1
CUST0444,51,Female,East,Premium,26,95,1.4,118.22,358.6,10.9,0.36,1,0,1.5,0,1
CUST0445,19,Female,South,Basic,51,15,1.4,50.3,299.28,0.7,0.24,4.8,1,5,0,1
CUST0446,49,Male,East,Basic,19,16,8.9,107.66,1517.11,2,0.24,1.1,2,1.6,1,0
CUST0447,40,Female,East,Standard,45,13,0.5,109.78,205.84,4.4,0.04,1.3,1,2.4,1,1
CUST0448,39,Male,South,Premium,7,113,1.6,76.41,71.32,0.5,0.12,4.7,0,0.9,1,1
CUST0449,68,Female,South,Standard,47,35,3.2,10,125.33,6.5,0.02,5.1,0,2.8,0,0
CUST0450,42,Male,North,Standard,55,116,0.6,59.62,163.96,2.4,0.2,6.4,1,1.9,0,1
CUST0451,39,Male,West,Basic,7,75,0.5,128.58,37.5,7.7,0.36,1.8,0,1.2,1,0
CUST0452,39,Female,East,Standard,26,59,6.8,83.91,1236.27,3.4,0.35,2.5,3,0.5,0,0
CUST0453,66,Female,North,Premium,40,21,9,95.8,2874,1,0.13,4.9,2,0.7,0,0
CUST0454,69,Female,South,Basic,5,115,6.9,72.33,207.95,6.6,0.19,6.4,0,1.9,1,1
CUST0455,59,Female,West,Premium,21,54,9.2,68.3,1099.63,1.5,0.13,4.4,3,1.1,0,0
CUST0456,23,Male,North,Premium,14,75,3.2,18.98,70.86,3.4,0.17,2.2,1,4.4,1,1
CUST0457,32,Female,East,Basic,4,30,6.7,98.84,220.74,0.4,0.33,7,0,0.5,1,0
CUST0458,60,Female,North,Standard,23,48,1.9,107.39,391.08,4.8,0.56,3.5,0,0.5,0,1
CUST0459,54,Female,East,Basic,42,117,4.4,46.47,715.64,5.5,0.21,3.5,0,1.8,2,1
CUST0460,50,Male,South,Premium,20,35,18,69.63,2088.9,2.4,0.41,1.1,1,4.3,0,0
CUST0461,25,Male,West,Standard,15,86,1,65.59,81.99,15.4,0.17,5.4,4,0.9,0,1
CUST0462,61,Female,West,Standard,50,38,2,87.6,730,10.4,0.29,5.7,1,2.1,0,0
CUST0463,61,Male,West,Premium,52,31,2.6,58.67,661.02,6.2,0.61,2.6,0,0.5,1,0
CUST0464,22,Female,South,Basic,45,78,0.6,102.94,231.61,6.3,0.13,7.5,1,1.6,1,0
CUST0465,56,Male,East,Premium,29,24,0.5,77.14,93.21,1.5,0.02,2.8,1,3.1,1,0
CUST0466,21,Male,South,Standard,8,114,7.1,10,47.33,5.3,0.32,5.3,2,4,0,1
CUST0467,23,Male,West,Basic,41,49,15.1,88.28,4554.51,1.1,0.22,4.4,0,0.5,0,0
CUST0468,62,Male,South,Standard,48,96,2.1,104.89,881.08,0.8,0.5,1,0,0.9,1,1
CUST0469,49,Female,South,Premium,19,100,0.5,40.44,32.01,30,0.54,5.1,1,2,0,1
CUST0470,69,Female,South,Basic,48,32,0.5,87.26,174.52,4.9,0.12,4.9,0,0.5,3,1
CUST0471,47,Female,East,Premium,39,55,8.9,129.9,3757.36,2.8,0.2,1,1,2.3,0,0
CUST0472,64,Male,North,Premium,46,79,2.5,78.36,750.95,1.7,0.69,7.1,2,1.5,1,0
CUST0473,52,Female,North,Basic,28,107,1.5,109.25,382.38,4.6,0.14,4.9,1,0.7,0,1
CUST0474,57,Female,South,Premium,46,58,2.6,61.74,615.34,0.3,0.06,6.5,1,3.4,0,1
CUST0475,69,Female,North,Basic,57,99,1.5,74.46,530.53,0.5,0.16,1,0,0.7,1,1
CUST0476,33,Male,North,Basic,27,3,2.7,68.86,418.32,0.2,0.2,3.2,1,9.5,1,1
CUST0477,30,Male,South,Basic,4,80,7.9,63.39,166.93,3.5,0.53,6.4,4,3.4,1,1
CUST0478,67,Male,South,Premium,58,69,3.6,70.57,1227.92,4.6,0.38,1,1,2.5,0,1
CUST0479,59,Female,West,Standard,15,85,4.7,26.08,153.22,0.3,0.31,3.2,1,0.5,0,1
CUST0480,47,Female,North,Basic,35,10,1.8,65.07,341.62,6.4,0.24,4.8,0,4.7,1,0
CUST0481,36,Female,East,Standard,37,83,5.4,115.13,1916.91,1.3,0.16,1,2,3.1,1,1
CUST0482,34,Male,South,Standard,1,25,4.4,46.09,16.9,5.8,0.08,1.4,1,0.5,0,0
CUST0483,36,Male,West,Basic,3,68,0.5,43.02,5.38,20.1,0.4,6.8,2,1,0,0
CUST0484,45,Female,East,Premium,47,61,3.4,76.84,1023.25,5.9,0.01,4.1,2,0.6,0,1
CUST0485,43,Male,North,Premium,24,29,1.2,78.34,188.02,10.7,0.19,6.4,0,8.3,1,0
CUST0486,54,Male,West,Standard,27,19,6.5,86.32,1262.43,14.8,0.29,4.4,0,3.9,2,0
CUST0487,43,Male,South,Premium,40,43,2.2,71.59,524.99,3.3,0.46,8.9,2,5.3,0,1
CUST0488,40,Male,East,Standard,36,66,20,77.16,4629.6,6.1,0.1,4.9,2,3.1,0,0
CUST0489,26,Female,South,Premium,34,74,0.5,64.47,91.33,9.6,0.69,6.5,0,1.2,1,1
CUST0490,29,Male,North,Standard,29,61,6.1,36.73,541.46,2.2,0.12,3.5,1,0.5,0,1
CUST0491,18,Male,East,Standard,24,43,4.5,72.86,655.74,1.5,0.44,4.4,1,0.5,1,0
CUST0492,18,Male,North,Basic,24,25,5.8,96.74,1122.18,14.6,0.23,5.3,2,0.5,0,0
CUST0493,64,Male,North,Premium,42,20,1.5,90.45,474.86,6.5,0.25,5.6,1,1.6,0,0
CUST0494,51,Female,West,Standard,4,48,2.7,22.67,20.4,1.2,0.52,3.9,1,5.1,0,1
CUST0495,49,Female,South,Basic,3,83,6.4,82.56,132.1,3,0.32,4,1,9.6,0,1
CUST0496,65,Male,East,Basic,34,87,1.1,48.22,150.29,8,0.1,5,1,0.7,0,1
CUST0497,42,Male,North,Standard,57,24,1,116.76,554.61,4,0.48,5,1,2.4,1,1
CUST0498,57,Male,North,Standard,49,11,3.2,84.79,1107.92,5.2,0.42,1.9,2,1.8,1,0
CUST0499,62,Male,East,Standard,23,110,3,101.89,585.87,7,0.23,4.4,2,1.3,0,1
CUST0500,18,Male,North,Premium,53,98,1.3,75.64,434.3,4.9,0.12,4.6,1,2.2,0,1
CUST0501,33,Male,West,Basic,56,55,1.4,73.02,477.06,3.9,0.26,2,2,0.9,0,0
CUST0502,56,Female,West,Standard,52,28,1.3,119.88,675.32,6.9,0.19,5.8,2,5.8,0,0
CUST0503,22,Male,West,Basic,23,69,5.9,104.18,1178.1,6.5,0.3,4.8,0,2.4,0,0
CUST0504,39,Female,West,Premium,45,63,4.2,78.54,1237.01,5,0.73,8.7,1,2.8,0,0
CUST0505,46,Female,North,Premium,5,59,7.1,69.01,204.15,2.2,0.25,3.9,2,0.6,0,0
CUST0506,20,Male,East,Standard,31,5,14.8,23.78,909.19,2.6,0.25,6.3,1,0.5,0,0
CUST0507,29,Female,East,Standard,53,51,2.6,84.74,973.1,17.6,0.15,5.1,1,1,0,0
CUST0508,43,Female,East,Basic,41,21,0.5,71.22,121.67,0.6,0.25,7.8,2,2.9,0,1
CUST0509,33,Female,East,Standard,57,12,0.5,91.62,217.6,1.6,0.23,2.1,0,5.6,1,1
CUST0510,68,Female,South,Premium,57,50,1.4,100.73,669.85,3.4,0.2,3,3,1.1,0,0
CUST0511,54,Female,East,Standard,54,4,10.8,111.99,5442.71,9.1,0.31,2.1,2,3,1,0
CUST0512,39,Female,South,Basic,6,118,3,85.11,127.66,0.9,0.21,3.8,2,1.3,0,1
CUST0513,46,Male,South,Standard,37,113,1.3,43.61,174.8,1.6,0.3,1.8,1,0.7,0,1
CUST0514,31,Female,West,Premium,57,42,2,10.52,99.94,0.3,0.43,1,1,2.7,1,0
CUST0515,45,Female,South,Basic,10,84,3.7,50.26,154.97,6.1,0.18,1,1,3.2,2,1
CUST0516,22,Female,North,Basic,40,38,4.2,115,1610,1.4,0.38,1,3,0.5,1,0
CUST0517,64,Male,South,Standard,7,25,0.7,129.7,52.96,2.5,0.73,5.3,1,0.7,0,0
CUST0518,66,Female,West,Premium,39,14,15.1,67.86,3330.23,2.9,0.55,3.1,2,1.4,0,0
CUST0519,47,Male,South,Basic,38,75,3.1,31.17,305.99,11.1,0.44,1.5,0,0.5,1,1
CUST0520,63,Female,North,Basic,21,32,0.6,55.55,58.33,2.6,0.48,2.7,0,5.3,0,1
CUST0521,69,Male,North,Basic,20,11,9,109.13,1636.95,0.8,0.29,2.9,0,1.8,1,0
CUST0522,22,Male,North,Basic,3,61,0.5,57.27,7.16,3.7,0.66,2.1,1,0.5,1,1
CUST0523,29,Female,West,Standard,51,18,9.5,92.67,3741.55,16.5,0.15,7.2,1,0.5,0,0
CUST0524,33,Female,West,Standard,22,27,20,80.06,2935.53,4.7,0.18,6.8,0,6.2,0,0
CUST0525,43,Male,East,Standard,47,55,4.8,96.3,1810.44,20.5,0.06,7.2,2,2.7,1,0
CUST0526,43,Female,West,Standard,4,54,5.9,129.54,254.76,9.2,0.17,4.4,1,2.7,1,1
CUST0527,65,Male,North,Basic,28,82,1.6,92.69,346.04,0.2,0.18,4.6,0,0.5,2,1
CUST0528,38,Male,North,Premium,12,87,11.4,79.41,905.27,5.4,0.12,2.7,0,4.5,0,1
CUST0529,56,Male,West,Standard,38,75,3,132.85,1262.07,1.7,0.27,2.3,6,1.2,0,0
CUST0530,53,Male,South,Premium,51,21,5.3,85.49,1925.66,4.1,0.36,4,1,2.2,0,1
CUST0531,50,Male,West,Standard,36,44,10.3,51.21,1582.39,1.6,0.39,5.3,3,6.4,0,0
CUST0532,47,Female,West,Basic,47,5,14.8,95.62,5542.77,2.1,0.31,6.4,2,0.5,0,0
CUST0533,54,Male,North,Standard,41,87,7.2,88.42,2175.13,12.8,0.56,2.9,2,1.3,1,1
CUST0534,40,Male,East,Basic,5,41,1.4,65.76,38.36,1.2,0.42,1.5,1,0.5,1,0
CUST0535,27,Female,North,Standard,13,59,13.6,59.47,876.19,10.4,0.45,5.5,1,1.4,0,0
CUST0536,22,Male,East,Basic,23,89,4,66.05,506.38,0.2,0.04,1,1,0.6,0,1
CUST0537,53,Female,North,Basic,58,105,10.7,59.04,3053.35,0.5,0.27,3.9,0,4.8,1,0
CUST0538,51,Female,West,Premium,50,54,4.5,67.03,1256.81,9.6,0.29,4.2,0,1,1,1
CUST0539,69,Female,North,Basic,30,74,1.5,49.72,186.45,5,0.19,3.2,1,2,1,1
CUST0540,48,Male,North,Premium,37,22,1.8,86.58,480.52,6.9,0.36,1,2,3.9,0,0
CUST0541,27,Male,North,Basic,25,83,3.2,84.34,562.27,1.2,0.07,3.3,0,8.2,1,1
CUST0542,36,Male,West,Standard,48,65,6.2,85.36,2116.93,3.9,0.44,7.3,1,1.4,0,0
CUST0543,49,Female,West,Standard,27,64,1.5,73.13,246.81,6.7,0.61,5.2,3,1.2,1,0
CUST0544,18,Male,West,Standard,51,71,3.5,69.67,1036.34,4.9,0.3,6.3,1,0.5,1,1
CUST0545,22,Female,West,Basic,14,4,1.7,118.26,234.55,3.2,0.18,1.6,2,0.5,0,0
CUST0546,62,Male,East,Basic,57,65,6.8,77.02,2487.75,16.1,0.69,4.5,0,1.9,0,0
CUST0547,21,Female,East,Basic,48,15,2.5,112.91,1129.1,5.6,0.12,4.2,1,0.5,2,0
CUST0548,33,Male,South,Basic,59,104,0.5,45.11,110.9,11.9,0.08,4.2,0,1,1,0
CUST0549,41,Male,West,Standard,47,76,0.7,92.68,254.1,6.5,0.14,5.1,0,0.5,1,1
CUST0550,33,Male,East,Premium,54,22,0.5,52.96,119.16,6.6,0.35,4.3,1,1.9,0,0
CUST0551,19,Female,North,Premium,36,86,2.8,58.32,489.89,0.4,0.33,1.6,1,1.1,0,1
CUST0552,66,Female,West,Premium,39,114,0.5,62.64,101.79,2.2,0.27,5.2,1,0.5,0,1
CUST0553,45,Male,South,Premium,16,47,0.5,60.76,40.51,9.8,0.53,5.7,2,0.7,0,0
CUST0554,49,Male,South,Standard,56,81,11.3,60.91,3211.99,1.3,0.46,6.6,1,1.7,1,0
CUST0555,44,Female,South,Basic,22,93,8.2,111.52,1676.52,0.6,0.25,6.7,0,2.1,2,1
CUST0556,37,Female,North,Premium,21,46,2.4,76.36,320.71,2,0.29,5,1,1.2,0,0
CUST0557,41,Female,East,Standard,54,14,17,81.75,6253.88,1.2,0.25,1.7,1,3.3,3,0
CUST0558,29,Male,North,Standard,21,50,0.5,61.29,53.63,13,0.4,1,2,0.5,0,0
CUST0559,67,Female,West,Basic,8,20,3.8,100.71,255.13,10.1,0.49,3.5,1,0.5,1,0
CUST0560,52,Male,South,Standard,49,50,3.8,85.65,1329,3.5,0.19,5.8,1,0.5,0,1
CUST0561,50,Female,North,Standard,16,112,2.4,65.73,210.34,0.3,0.37,5.7,1,1.5,1,1
CUST0562,50,Male,North,Premium,59,33,2,27.47,270.12,6.3,0.06,4.5,1,2.4,1,0
CUST0563,68,Female,East,Standard,55,119,2.4,81.49,896.39,4.9,0.06,3.9,2,0.5,2,1
CUST0564,60,Female,East,Basic,31,59,2.1,92.27,500.56,17.6,0.28,7.8,2,2,0,0
CUST0565,54,Female,South,Premium,42,43,5.2,45.63,830.47,4.1,0.42,5.1,0,1.3,1,0
CUST0566,29,Female,North,Basic,10,79,0.6,66.14,33.07,2.1,0.07,3.8,0,8.7,0,1
CUST0567,20,Female,North,Standard,32,12,0.9,91.11,218.66,3.7,0.2,2.7,2,2.5,1,0
CUST0568,18,Male,East,Basic,59,40,0.8,27.87,109.62,19.4,0.34,2,0,2.1,0,0
CUST0569,50,Female,North,Standard,34,118,1.2,55.53,188.8,6,0.52,1.8,1,1.7,0,1
CUST0570,57,Female,North,Premium,9,20,3,86.31,194.2,5.6,0.49,2,2,11.9,0,1
CUST0571,27,Female,North,Basic,17,94,0.5,108.15,76.61,1.4,0.2,4.6,1,7.9,0,1
CUST0572,60,Male,East,Premium,11,38,8.1,140.57,1043.73,6.8,0.3,4,1,1.5,1,0
CUST0573,61,Female,South,Basic,32,3,1.4,133.76,499.37,6.9,0.31,3.3,1,1.2,0,0
CUST0574,46,Male,West,Premium,10,28,0.7,79.31,46.26,1.9,0.08,5.5,0,1.2,1,1
CUST0575,30,Female,South,Premium,22,56,4.5,60.47,498.88,3.3,0.08,7.6,0,1.1,1,1
CUST0576,29,Female,West,Premium,57,90,0.5,102.69,243.89,1.7,0.7,2.4,1,1.5,0,1
CUST0577,48,Male,North,Basic,17,94,3.9,58.69,324.26,1.5,0.08,2.7,1,0.6,1,1
CUST0578,63,Female,South,Premium,4,13,4.8,52.14,83.42,0.1,0.41,1,1,5.2,0,0
CUST0579,19,Male,West,Standard,48,77,1,65.84,263.36,1.7,0.15,3.9,1,1.3,0,1
CUST0580,68,Male,East,Basic,52,66,0.5,62.08,134.51,4,0.48,3.7,1,3.7,0,0
CUST0581,67,Female,East,Premium,47,37,1.8,87.38,616.03,0,0.19,5.8,1,1.3,2,1
CUST0582,52,Male,South,Basic,25,49,0.5,56.93,59.3,1.7,0.31,3.8,0,2.5,1,1
CUST0583,40,Female,South,Premium,59,102,0.5,77.55,190.64,10.7,0.31,2.8,0,0.8,1,1
CUST0584,34,Female,North,Basic,21,66,1.2,122.85,257.98,4.5,0.12,4.4,1,2,1,1
CUST0585,43,Male,South,Standard,37,36,1.4,78.66,339.55,4.7,0.03,5.1,0,1.4,2,1
CUST0586,25,Male,North,Standard,38,54,3,120.5,1144.75,2.6,0.3,1,1,0.9,0,0
CUST0587,46,Male,North,Basic,49,26,4.5,111.06,2040.73,5.6,0.4,6,1,4.3,0,0
CUST0588,43,Male,East,Basic,1,75,3.6,92.76,27.83,1.1,0.56,6.6,2,0.5,0,1
CUST0589,27,Female,East,Basic,25,72,0.6,64.38,80.47,8.5,0.03,5.1,0,1.3,0,0
CUST0590,43,Female,West,Standard,51,108,0.8,106.22,361.15,0.6,0.21,2.1,0,0.5,1,1
CUST0591,51,Male,East,Basic,36,40,8.4,67.5,1701,5.3,0.13,3.3,1,3.9,0,0
CUST0592,68,Female,East,Standard,17,43,3.3,74.94,350.34,2.1,0.32,6.4,1,0.6,0,0
CUST0593,58,Female,South,Basic,41,22,8.2,84.91,2378.9,6.9,0.55,2,0,2,0,0
CUST0594,24,Female,East,Basic,24,20,1.9,74.84,284.39,4,0.18,5.3,0,0.5,0,0
CUST0595,21,Female,West,Standard,2,8,3.8,53.39,33.81,3,0.07,3.9,3,1,1,1
CUST0596,67,Male,South,Basic,40,29,3,29.19,291.9,0.9,0.36,4.3,1,4.6,1,1
CUST0597,62,Male,West,Premium,15,40,1.5,103.77,194.57,5.1,0.48,2.3,1,0.5,1,1
CUST0598,28,Female,East,Premium,32,90,2.5,92.11,614.07,18.4,0.63,4.7,3,2.2,1,1
CUST0599,46,Male,West,Standard,39,30,2.8,23.38,212.76,8.7,0.07,4.5,0,0.5,1,1
CUST0600,53,Male,South,Standard,59,81,0.9,52.6,232.76,0.3,0.15,1,0,1.1,1,1
CUST0601,42,Male,North,Premium,6,84,1.5,80.37,60.28,2.4,0.05,4,1,1.6,2,1
CUST0602,38,Female,West,Basic,1,116,6.3,88.28,46.35,13,0.82,5.2,4,1.7,0,1
CUST0603,53,Female,West,Basic,47,55,9.9,29.45,1141.92,3.5,0.61,3.2,1,1.8,0,0
CUST0604,27,Female,South,Basic,23,16,1.8,72.32,249.5,5.4,0.24,1,2,2,1,0
CUST0605,54,Male,South,Premium,58,46,1.5,91.19,661.13,12.2,0.3,3.8,1,0.6,1,0
CUST0606,26,Female,West,Basic,39,62,0.9,64.45,188.52,10.3,0.36,6.9,1,1,0,1
CUST0607,41,Female,East,Standard,57,107,4.5,82.67,1767.07,3.5,0.28,3.3,0,0.5,1,1
CUST0608,52,Male,West,Premium,17,7,1.6,60.37,136.84,2.9,0.11,6.9,4,2.9,0,0
CUST0609,66,Female,South,Premium,34,80,17.6,102.28,5100.36,2.1,0.19,2.4,0,3.6,0,0
CUST0610,52,Female,North,Standard,59,45,1.6,51.02,401.36,6.3,0.06,1.7,2,0.5,0,0
CUST0611,65,Male,North,Basic,41,59,2,40.74,278.39,1.7,0.3,4,3,0.5,1,1
CUST0612,53,Male,East,Premium,29,111,3.7,75.87,678.4,1.4,0.32,2.4,2,0.5,1,1
CUST0613,35,Male,West,Standard,9,56,6.5,31.99,155.95,2.2,0.29,4.7,0,7,1,1
CUST0614,66,Female,North,Basic,13,48,2.5,11.85,32.09,1,0.55,3.3,2,3.3,0,0
CUST0615,56,Female,West,Basic,6,27,2.2,107.51,118.26,5.9,0.17,6.9,0,0.9,0,1
CUST0616,49,Female,South,Premium,6,53,20,45.47,454.7,4.8,0.22,3.1,1,1.3,0,0
CUST0617,41,Male,North,Standard,20,87,0.5,34.99,29.16,3.3,0.17,4.2,1,0.7,0,0
CUST0618,40,Male,East,Premium,52,88,9,50.65,1975.35,2.5,0.54,5.2,2,1.8,1,1
CUST0619,49,Female,South,Premium,53,73,0.6,49.3,130.65,12,0.41,5.9,1,2.5,0,0
CUST0620,54,Female,East,Standard,3,35,6.2,70.74,109.65,0.1,0.05,7,0,1.2,0,0
CUST0621,29,Male,South,Standard,17,51,3.8,42.2,227.18,7.3,0.17,3.5,2,4.1,1,1
CUST0622,66,Male,North,Standard,49,84,1.7,89.95,624.4,11.6,0.21,3.2,1,1.5,0,1
CUST0623,30,Male,East,Basic,12,37,8.3,94.39,783.44,3,0.24,1,0,0.5,0,1
CUST0624,40,Male,East,Standard,48,106,0.5,36.75,73.5,4,0.38,8.1,1,1.9,1,1
CUST0625,42,Female,South,Premium,47,81,1,56.46,221.14,14.5,0.49,4.7,0,1.2,0,0
CUST0626,52,Male,East,Standard,45,111,3.3,59.31,733.96,1.2,0.49,5.5,1,5.5,0,0
CUST0627,58,Female,South,Premium,55,95,1.7,70.05,545.81,3.7,0.18,5.1,3,1,0,1
CUST0628,47,Female,South,Standard,1,119,3.8,107.48,34.04,3.2,0.11,4.1,3,1,1,1
CUST0629,34,Female,South,Standard,17,57,0.5,109.21,77.36,1.5,0.05,4.7,3,2.1,1,1
CUST0630,66,Male,South,Standard,3,8,0.5,149.97,18.75,8.5,0.13,2.9,3,1.5,0,0
CUST0631,37,Male,North,Standard,26,79,0.5,10,10.83,11.5,0.25,3.4,1,0.9,0,1
CUST0632,65,Male,South,Standard,15,95,0.8,47.27,47.27,7.6,0.29,2.1,2,9.2,1,1
CUST0633,42,Male,West,Basic,36,117,2.5,129.42,970.65,1.1,0.33,7.1,1,0.7,1,1
CUST0634,39,Female,East,Standard,32,94,5.6,20.98,313.3,0.5,0.12,5.1,1,0.7,0,1
CUST0635,30,Male,West,Basic,32,110,9.4,128.74,3227.08,4.6,0.22,8,3,4,0,1
CUST0636,36,Male,North,Basic,4,20,7.2,79.42,190.61,0.3,0.32,8.6,2,0.5,0,1
CUST0637,66,Female,West,Standard,18,103,0.9,80.52,108.7,5.6,0.37,1.2,0,0.5,0,1
CUST0638,53,Male,East,Standard,49,53,2.3,36.61,343.83,3.8,0.1,6,1,1.8,0,0
CUST0639,29,Female,West,Premium,19,119,0.9,61.47,87.59,5.4,0.5,1.3,0,0.5,0,1
CUST0640,58,Female,North,Standard,43,12,1.2,127.42,547.91,4.5,0.14,4.4,1,8.5,0,0
CUST0641,36,Female,South,Standard,52,49,2.8,73.57,892.65,2.7,0.23,4.6,2,1.2,1,0
CUST0642,29,Female,West,Standard,35,17,0.5,61.67,89.94,1.1,0.11,1.4,1,1.8,1,1
CUST0643,26,Female,North,Standard,40,64,1,87.17,290.57,1.8,0.35,2.5,0,0.5,1,1
CUST0644,24,Female,North,Basic,14,42,11,69.23,888.45,3.7,0.05,4.7,1,0.7,0,0
CUST0645,45,Female,East,Basic,58,94,2.5,85.35,1031.31,5.3,0.47,4.4,1,1.9,1,0
CUST0646,31,Female,East,Basic,33,29,2.4,49.51,326.77,7.6,0.49,2,0,1.6,1,1
CUST0647,48,Male,West,Standard,14,19,0.5,72.69,42.4,7.3,0.18,2.6,3,3.1,0,1
CUST0648,69,Male,South,Basic,34,110,1.1,55.77,173.82,18,0.31,1,0,0.6,2,1
CUST0649,36,Male,North,Basic,55,11,8,20.88,765.6,1.7,0.41,1.6,1,2.1,1,0
CUST0650,64,Male,West,Basic,4,98,0.7,89.46,20.87,0.4,0.3,3.3,1,0.7,0,1
CUST0651,33,Female,North,Premium,24,50,2.1,37.99,159.56,2.1,0.27,6,1,1.8,0,1
CUST0652,22,Male,North,Basic,59,71,0.5,70.06,172.23,6.8,0.4,6.2,3,1.9,0,1
CUST0653,52,Female,South,Standard,29,108,2.6,102.78,645.8,2.9,0.32,7.7,2,0.5,0,1
CUST0654,29,Male,South,Basic,19,58,0.5,30.07,23.81,8.5,0.68,4.8,0,1.6,1,1
CUST0655,42,Male,West,Standard,6,34,6.9,93.14,321.33,4,0.08,4.4,1,0.5,0,1
CUST0656,69,Male,South,Basic,57,20,7,66.01,2194.83,13.3,0.42,5,0,1.4,0,0
CUST0657,38,Female,South,Basic,33,50,6.2,46,784.3,14.8,0.37,5,2,2.4,1,0
CUST0658,53,Male,West,Standard,49,102,1.3,135.69,720.29,0.4,0.42,1,2,0.5,2,1
CUST0659,40,Female,South,Basic,40,88,7.3,74.98,1824.51,3,0.34,7.8,1,5.6,0,1
CUST0660,33,Female,East,Basic,19,10,3.1,57.96,284.49,4.7,0.34,1,0,1.2,0,0
CUST0661,56,Male,North,Basic,53,32,1.9,51.59,432.93,1.5,0.29,6.3,1,5.6,2,1
CUST0662,62,Male,North,Basic,1,52,3.9,101.43,32.96,2.6,0.31,4.1,0,0.5,0,0
CUST0663,59,Male,North,Basic,5,15,0.5,56.64,11.8,5.7,0.34,1.8,0,6,0,1
CUST0664,56,Female,North,Basic,27,101,0.6,97.7,131.89,1.3,0.23,5.1,2,0.5,1,1
CUST0665,31,Male,West,Premium,16,84,5.4,74.93,539.5,4.6,0.08,3.8,0,1.2,1,1
CUST0666,48,Female,North,Standard,6,3,1.1,108.49,59.67,6,0.49,2.6,1,5.6,0,0
CUST0667,22,Female,North,Standard,40,37,3.6,43.72,524.64,0.5,0.25,1.2,1,0.5,0,1
CUST0668,52,Male,North,Basic,13,40,1.9,47.91,98.61,3.4,0.3,1.1,3,0.5,0,0
CUST0669,40,Male,North,Premium,48,72,7.7,66.57,2050.36,1.5,0.08,2.8,3,3.2,1,1
CUST0670,46,Female,East,Basic,35,40,12.2,69.06,2457.38,6.4,0.29,3.2,2,1.8,1,0
CUST0671,60,Female,North,Basic,19,108,8.6,64.36,876.37,1.1,0.11,1.6,3,1.4,0,1
CUST0672,28,Female,East,Standard,12,56,1.3,153.94,200.12,11.1,0.15,4.1,2,0.5,0,1
CUST0673,35,Male,West,Basic,16,23,0.9,136.9,164.28,2.8,0.49,1.9,2,2.1,0,0
CUST0674,64,Female,South,Basic,59,104,2.6,83.97,1073.42,1.1,0.11,4.7,0,0.5,0,1
CUST0675,29,Male,North,Standard,43,11,0.5,87.51,156.79,2.9,0.3,6.5,1,5.4,1,0
CUST0676,26,Female,South,Premium,10,110,0.5,67.91,28.3,2.6,0.17,4.6,2,2.3,0,1
CUST0677,27,Female,South,Standard,25,64,3.2,43.51,290.07,2.8,0.06,3.8,2,2.5,0,1
CUST0678,61,Male,West,Standard,20,8,2.9,69.54,336.11,4.4,0.57,2.9,2,0.5,0,0
CUST0679,34,Female,South,Premium,31,93,20,98.13,5070.05,3.7,0.28,6.9,0,4.3,0,0
CUST0680,55,Male,East,Basic,4,94,0.9,114.17,34.25,0.8,0.06,3.6,2,1.5,1,1
CUST0681,24,Male,South,Basic,44,56,1.2,104.87,461.43,0.3,0.09,9,4,3.9,0,0
CUST0682,63,Female,South,Basic,23,60,0.5,29.71,28.47,6.5,0.52,1.6,2,0.6,1,1
CUST0683,30,Male,South,Standard,2,10,10,66.32,110.53,4.1,0.42,4.6,3,2.8,0,0
CUST0684,57,Male,North,Standard,56,39,6,30.93,866.04,2.2,0.29,6.8,0,1.7,0,1
CUST0685,59,Female,North,Premium,22,28,6.9,110.07,1392.39,8.3,0.07,2.6,1,0.5,0,0
CUST0686,26,Male,East,Standard,51,49,9.3,62.63,2475.45,2.5,0.3,3.5,1,1,0,0
CUST0687,67,Male,East,Standard,57,36,3,73.59,1048.66,7.9,0.31,5.3,0,0.5,2,0
CUST0688,44,Male,North,Basic,37,13,2.4,89.4,661.56,1.8,0.1,4.8,0,0.9,0,0
CUST0689,19,Female,East,Premium,8,96,1.6,157.98,168.51,0.4,0.37,5.1,2,1,1,1
CUST0690,22,Male,North,Premium,7,36,3.6,83.05,174.41,13.5,0.18,6.3,1,1.3,0,0
CUST0691,46,Female,West,Premium,14,101,2.4,67.85,189.98,2.5,0.19,3.3,0,1.8,0,1
CUST0692,54,Female,South,Basic,56,26,2.4,37.77,423.02,7.9,0.27,6.9,2,1.7,0,0
CUST0693,55,Male,South,Standard,55,86,11.1,118.76,6041.92,1.6,0.62,1,2,0.5,1,0
CUST0694,36,Male,East,Basic,3,4,16.5,69.55,286.89,5.2,0.27,6.2,0,2.8,1,0
CUST0695,25,Male,North,Basic,50,95,6.4,124.71,3325.6,10.3,0.49,6.3,1,6,1,1
CUST0696,65,Female,North,Basic,16,82,5.7,108.17,822.09,0.2,0.19,2.5,0,0.9,0,1
CUST0697,62,Male,East,Standard,55,64,4.6,61.11,1288.4,8.9,0.44,1.1,2,0.5,1,1
CUST0698,18,Male,North,Standard,19,38,0.7,33.23,36.83,4.2,0.42,3.5,0,1.6,1,1
CUST0699,39,Male,West,Basic,51,88,0.5,83.18,176.76,4.7,0.49,4.8,2,2.4,0,0
CUST0700,69,Male,South,Basic,18,87,4.7,56.55,398.68,3.7,0.06,3.3,1,2.3,0,1
CUST0701,34,Male,East,Standard,52,22,5.2,76.18,1716.59,10.4,0.17,5,2,1.9,1,0
CUST0702,24,Female,East,Basic,16,2,0.5,106.47,70.98,0.2,0.28,7.9,3,0.5,1,1
CUST0703,42,Female,North,Basic,8,31,10.5,25.39,177.73,1.5,0.53,1.3,0,3.6,1,1
CUST0704,62,Male,East,Standard,33,119,0.5,82.94,114.04,10.4,0.08,1,1,1.1,0,1
CUST0705,21,Male,West,Premium,49,11,1.3,97.79,519.1,7,0.38,3.9,0,0.5,0,0
CUST0706,53,Male,North,Basic,12,92,4.5,99.24,446.58,0.1,0.27,2.6,2,0.5,0,1
CUST0707,23,Male,North,Basic,53,46,0.7,34.09,105.39,3.6,0.44,3,1,1.1,0,0
CUST0708,48,Female,North,Basic,11,96,0.5,87.58,40.14,3.8,0.14,6.5,2,1.9,1,1
CUST0709,36,Male,North,Premium,5,62,1.6,111.11,74.07,2.6,0.19,3.8,0,2.2,0,1
CUST0710,61,Female,West,Standard,27,69,5.8,85.3,1113.16,1.8,0.23,3.9,1,6.6,0,1
CUST0711,56,Female,North,Standard,12,64,2.1,71.53,150.21,5.7,0.04,3.1,0,0.5,0,1
CUST0712,44,Male,East,Basic,17,102,4.2,109.19,649.68,1.2,0.41,3.9,1,8.5,0,1
CUST0713,27,Female,West,Standard,6,10,3.5,54.17,94.8,8,0.29,4.5,1,2.1,0,1
CUST0714,43,Female,South,Basic,33,40,0.5,29.11,40.03,8.1,0.13,9.6,1,1.2,0,0
CUST0715,36,Female,South,Standard,5,110,17.9,68.98,514.48,2.7,0.15,4.6,0,4.4,0,0
CUST0716,56,Female,East,Premium,57,24,0.5,91.05,216.24,1.7,0.2,6.3,1,2.4,0,0
CUST0717,20,Male,East,Standard,28,99,13.7,106.17,3393.9,1.7,0.25,4.4,2,0.9,1,1
CUST0718,62,Male,West,Premium,14,44,3.2,90.92,339.43,3.3,0.23,1,0,4.3,0,1
CUST0719,30,Female,South,Standard,5,112,13.2,100.07,550.38,6.4,0.52,2.9,0,2.2,0,1
CUST0720,67,Male,South,Basic,54,60,0.5,106.36,239.31,2.2,0.29,4.6,2,2.4,0,1
CUST0721,45,Male,South,Premium,56,62,2.7,64.82,816.73,4.7,0.29,5.4,0,4.5,0,1
CUST0722,37,Male,South,Basic,59,87,0.7,70.56,242.84,2.4,0.17,4.4,1,1.2,1,1
CUST0723,45,Male,South,Standard,33,17,0.5,113.62,156.23,1.8,0.54,5.8,0,2.1,1,0
CUST0724,25,Male,North,Basic,50,65,3.8,38.7,612.75,0.1,0.12,1.1,1,2.7,1,1
CUST0725,58,Female,East,Basic,48,119,0.9,87.87,316.33,0,0.34,4.1,1,1.2,0,1
CUST0726,56,Male,North,Standard,41,95,3.5,53.5,639.77,1.3,0.49,6.7,1,0.5,0,1
CUST0727,18,Male,South,Basic,19,95,0.5,108.01,85.51,2.6,0.25,2.1,0,3,0,1
CUST0728,20,Male,West,Standard,22,106,1.6,74.46,218.42,9.5,0.26,6.2,1,0.5,1,1
CUST0729,30,Male,West,Standard,5,57,6.1,75.23,191.21,8,0.08,6.1,2,2.5,0,1
CUST0730,45,Female,South,Basic,59,55,2.3,126.87,1434.69,1.6,0.37,1.5,0,4.8,0,0
CUST0731,66,Female,South,Basic,2,106,4,42.72,28.48,1.4,0.51,4.7,2,0.9,0,1
CUST0732,42,Female,West,Standard,30,53,4.2,81.47,855.44,1.3,0.58,4.3,3,0.5,2,1
CUST0733,50,Female,North,Basic,47,56,7.4,69.6,2017.24,2.1,0.15,3.6,0,0.5,0,0
CUST0734,55,Male,North,Standard,39,98,1.6,90.97,473.04,3.4,0.11,1,2,1.7,0,1
CUST0735,23,Female,South,Standard,4,9,4.6,132.88,203.75,2.9,0.22,3.5,2,5.7,2,1
CUST0736,61,Male,North,Premium,33,22,13,56.84,2032.03,1.2,0.18,3.7,2,1.4,0,0
CUST0737,62,Male,West,Standard,13,13,5.2,39.08,220.15,0.7,0.08,1,2,0.5,1,1
CUST0738,49,Male,North,Standard,20,89,2.7,50.72,228.24,0.1,0.05,1.4,6,2,0,1
CUST0739,62,Male,South,Standard,54,48,4,68.02,1224.36,0.8,0.15,2.1,2,2.6,0,1
CUST0740,64,Male,West,Basic,7,18,5.4,76.93,242.33,6.1,0.12,1.9,1,1,0,0
CUST0741,38,Female,North,Basic,15,115,3.8,78.44,372.59,1.4,0.49,4.7,1,2.6,0,1
CUST0742,33,Female,East,Premium,23,76,0.5,129.08,123.7,3.2,0.09,5.8,1,0.8,1,1
CUST0743,38,Female,West,Standard,14,40,0.9,123.75,129.94,4.5,0.18,3.4,2,3.1,0,1
CUST0744,28,Female,West,Premium,23,17,6.7,114.09,1465.11,10.9,0.08,5.5,1,0.8,0,0
CUST0745,54,Male,East,Premium,19,15,1.3,150.43,309.64,11,0.2,5.9,4,0.6,1,0
CUST0746,53,Female,East,Premium,54,106,5.3,99.72,2378.32,6.8,0.46,3.8,0,4.2,0,1
CUST0747,52,Male,West,Premium,29,15,1.9,108.25,497.05,0.2,0.26,4.8,0,1.6,0,1
CUST0748,36,Female,East,Standard,56,79,3,99.14,1387.96,4.3,0.04,3.6,1,0.7,1,1
CUST0749,37,Male,South,Basic,20,63,0.5,94.23,78.53,7.7,0.2,1.8,0,5.5,0,1
CUST0750,35,Male,South,Standard,29,119,0.8,86.83,167.87,0.1,0.21,2.5,1,2.3,0,1
CUST0751,64,Female,South,Basic,24,39,12.6,63.09,1589.87,4,0.18,4.7,4,0.5,0,0
CUST0752,58,Male,West,Standard,18,13,8.8,37.6,496.32,9.8,0.45,3.8,1,1.9,1,0
CUST0753,66,Male,East,Standard,10,81,4.2,71.08,248.78,3.2,0.53,5.5,0,4.1,0,1
CUST0754,31,Female,East,Standard,41,32,2.5,91.97,785.58,0,0.55,1,0,2.4,0,0
CUST0755,32,Male,North,Basic,57,9,4.5,77.17,1649.51,0.1,0.28,1,3,0.6,0,0
CUST0756,48,Female,North,Basic,8,40,3.9,43.04,111.9,2.7,0.67,1,2,2.1,0,0
CUST0757,18,Female,East,Standard,26,20,3.4,70.02,515.81,0.8,0.37,4.3,0,1.9,1,0
CUST0758,20,Female,East,Basic,29,90,0.5,68.46,82.72,5.5,0.06,1.2,0,3.4,0,1
CUST0759,33,Male,East,Premium,10,91,4,73.13,243.77,6.2,0.27,4.6,2,0.5,1,1
CUST0760,40,Male,West,Basic,17,85,5.9,89.73,749.99,1,0.32,5.5,0,2.4,0,0
CUST0761,28,Male,East,Basic,2,82,20,96.19,320.63,11,0.01,7,2,0.5,1,0
CUST0762,29,Female,North,Basic,6,77,0.5,60,15,2.9,0.16,6.8,1,2.4,1,1
CUST0763,27,Male,West,Standard,58,80,5.2,104.43,2624.67,0.8,0.13,2.6,1,6.5,0,1
CUST0764,49,Female,East,Standard,5,73,3.4,108.95,154.35,7.2,0.06,1,1,0.5,0,1
CUST0765,33,Female,North,Basic,28,63,2.3,84.61,454.07,7.8,0.31,2.7,1,0.7,0,0
CUST0766,25,Male,West,Basic,41,76,0.5,94.94,162.19,5.1,0.07,6,2,1.7,1,1
CUST0767,55,Female,East,Standard,5,44,2.1,104.53,91.46,9.6,0.42,3.2,0,2.6,0,0
CUST0768,29,Male,East,Basic,18,38,1.8,42.07,113.59,6.7,0.3,4,3,0.8,1,1
CUST0769,41,Male,East,Standard,26,83,1.4,106.64,323.47,10.7,0.34,2.9,0,2.2,0,1
CUST0770,45,Male,West,Standard,20,60,5.3,51.3,453.15,2.8,0.3,7.2,1,4.6,0,1
CUST0771,25,Male,North,Basic,41,71,4.8,54.22,889.21,6.9,0.25,2,2,2.6,0,1
CUST0772,45,Male,North,Basic,49,99,3.6,80.89,1189.08,30,0.23,4.1,2,2.5,0,0
CUST0773,53,Female,South,Premium,27,48,11.2,10.68,269.14,6.5,0.48,6.2,2,1,0,0
CUST0774,43,Female,East,Standard,49,18,1.7,80.27,557.21,0.6,0.33,7.7,0,4.8,0,1
CUST0775,25,Female,South,Standard,12,16,1.1,104.45,114.9,3.7,0.19,2.6,5,0.6,0,0
CUST0776,67,Male,South,Basic,7,55,4.3,25.62,64.26,4.4,0.36,5.9,1,0.5,0,1
CUST0777,45,Male,North,Standard,59,39,0.9,107.67,476.44,1,0.41,2.7,0,0.9,0,0
CUST0778,45,Male,West,Basic,3,68,1.5,54.04,20.26,16.5,0.47,6.8,1,2.1,0,0
CUST0779,54,Female,West,Standard,10,59,1,81.21,67.68,1,0.21,7.5,3,4,0,1
CUST0780,58,Male,North,Premium,34,89,0.5,58.39,82.72,1,0.38,2.2,0,0.5,0,1
CUST0781,53,Female,West,Basic,25,96,7,92.19,1344.44,12.3,0.15,5.3,1,3.4,2,1
CUST0782,44,Female,South,Basic,35,62,1.2,105.75,370.12,3.1,0.14,6.2,0,3.4,0,1
CUST0783,34,Male,East,Basic,16,104,2.6,94.41,327.29,0.3,0.45,3.4,1,1.8,0,1
CUST0784,26,Male,North,Basic,2,13,0.5,74.88,6.24,4.6,0.25,5.1,3,2.9,1,0
CUST0785,50,Female,East,Basic,24,109,4.8,60.72,582.91,4.6,0.12,5.2,1,0.5,0,1
CUST0786,37,Male,West,Basic,10,81,1.6,72.92,97.23,0.3,0.2,8,0,0.5,1,1
CUST0787,30,Female,East,Premium,38,113,5.5,94.68,1649.01,18,0.12,1,0,4,0,1
CUST0788,45,Male,West,Standard,22,101,2.1,95.71,368.48,3.9,0.51,3.9,0,1.4,0,1
CUST0789,65,Male,West,Basic,26,6,0.9,91.52,178.46,4.1,0.12,1.5,0,0.6,0,0
CUST0790,46,Female,South,Premium,43,83,2.9,36.52,379.5,3.7,0.57,4,0,2.3,0,1
CUST0791,30,Male,West,Basic,55,77,0.6,74.31,204.35,4.7,0.32,2.4,0,4.4,0,1
CUST0792,63,Female,South,Premium,39,60,2.3,56,418.6,1.5,0.26,3.5,3,2,1,0
CUST0793,52,Male,South,Basic,27,90,1.5,94.95,320.46,1.7,0.18,2.3,2,0.9,0,1
CUST0794,23,Female,South,Premium,29,14,9.7,52.05,1220.14,3.6,0.21,4.3,4,1.3,1,0
CUST0795,35,Female,North,Standard,47,95,0.5,88.56,173.43,8.2,0.35,6.1,1,2.8,0,1
CUST0796,68,Male,North,Premium,38,54,4.7,66.53,990.19,0.3,0.27,3.3,0,0.5,0,1
CUST0797,22,Female,West,Premium,20,4,0.8,18.63,24.84,4.6,0.22,6.9,1,0.5,0,0
CUST0798,64,Male,South,Basic,27,39,1.5,102.93,347.39,8.2,0.32,6.1,0,1.2,0,1
CUST0799,42,Male,North,Premium,41,72,2.1,74.24,532.67,0.9,0.13,8.1,1,1.9,1,1
CUST0800,19,Male,South,Basic,54,25,9.5,113.28,4842.72,0.1,0.32,4.8,0,0.8,0,0
CUST0801,27,Female,East,Basic,20,77,1.1,25.04,45.91,1.9,0.24,3.9,0,0.7,0,1
CUST0802,47,Female,East,Basic,44,32,0.5,66.25,121.46,4.4,0.27,1,1,0.5,1,1
CUST0803,67,Male,East,Standard,19,59,1.5,68.51,162.71,0.7,0.21,2.4,0,0.5,1,1
CUST0804,62,Male,West,Basic,20,102,0.5,83.11,69.26,2.8,0.2,3.6,2,0.7,2,1
CUST0805,22,Female,South,Standard,35,63,0.6,35.24,61.67,4,0.08,3.8,0,1.5,0,1
CUST0806,50,Male,East,Standard,47,38,3.4,91.32,1216.08,4.6,0.46,8.7,2,1.6,0,0
CUST0807,18,Male,North,Premium,2,92,0.5,132.35,11.03,1.6,0.53,3.6,1,1.4,0,1
CUST0808,35,Female,East,Premium,30,53,0.5,89.24,111.55,2.6,0.19,1,1,1.1,0,1
CUST0809,49,Male,East,Standard,53,94,5,77.79,1717.86,7.5,0.17,5.3,1,0.6,1,1
CUST0810,64,Female,East,Basic,34,67,1.8,33.68,171.77,14.2,0.2,5.2,2,1,0,0
CUST0811,66,Male,West,Basic,22,28,0.5,51.77,47.46,9.9,0.42,3.1,1,0.5,0,0
CUST0812,28,Female,North,Basic,3,3,1.2,73.32,22,4.2,0.21,8.3,0,0.5,0,0
CUST0813,38,Male,South,Basic,6,109,4.1,59.11,121.18,2.6,0.25,1,1,0.7,0,1
CUST0814,43,Male,North,Basic,15,118,1.3,105.79,171.91,2,0.34,6.5,1,10.7,0,1
CUST0815,42,Female,South,Basic,27,98,2.7,91.01,552.89,0.7,0.21,3.4,0,0.8,1,1
CUST0816,39,Male,West,Premium,10,80,0.5,155.77,64.9,0.6,0.37,2.1,2,5.5,1,1
CUST0817,44,Female,West,Standard,9,22,3.5,45.57,119.62,5.8,0.28,8.8,1,1,1,0
CUST0818,66,Male,West,Basic,33,96,1.5,75.99,313.46,1.5,0.25,5.5,1,1.2,0,1
CUST0819,30,Female,West,Standard,32,38,3.9,33.5,348.4,1.5,0.26,3.4,0,3.2,0,0
CUST0820,50,Female,South,Basic,48,72,6.6,10,264,30,0.17,3.4,1,0.5,0,0
CUST0821,51,Female,East,Standard,6,119,3.8,96.68,183.69,1,0.38,4.6,0,0.5,0,1
CUST0822,58,Female,South,Standard,41,72,1.4,89.9,430.02,0.8,0.19,3.1,3,7.3,1,1
CUST0823,52,Male,North,Standard,59,62,1.2,49.36,291.22,0.5,0.15,6.6,2,1.4,0,1
CUST0824,18,Male,West,Standard,36,57,1.6,77.79,373.39,4.3,0.07,4.2,0,0.5,1,1
CUST0825,38,Female,West,Premium,59,6,0.7,56.12,193.15,4.9,0.17,6,1,0.5,0,0
CUST0826,65,Female,North,Premium,2,78,0.8,60.17,8.02,2.3,0.06,4.4,2,4.8,1,1
CUST0827,23,Female,South,Standard,29,32,6.3,65.39,995.56,3.8,0.17,5.7,0,4.1,1,0
CUST0828,45,Male,East,Standard,4,99,1.9,48.1,30.46,7.8,0.35,6.7,0,1.2,1,1
CUST0829,34,Male,East,Standard,1,10,2.3,53.5,10.25,8.5,0.14,7.4,1,0.5,0,0
CUST0830,22,Male,North,Basic,19,3,3.6,54.35,309.79,15.8,0.3,5,1,3.5,0,0
CUST0831,48,Male,East,Basic,26,59,3.6,87.69,683.98,8.7,0.37,2.3,1,0.8,1,1
CUST0832,22,Female,South,Basic,25,76,0.5,10,10.42,4.2,0.26,3.7,1,1.1,0,1
CUST0833,55,Female,South,Standard,10,49,7.1,68.17,403.34,1,0.37,3.9,0,2.3,1,1
CUST0834,20,Female,North,Standard,53,59,0.8,42.37,149.71,0.5,0.76,2.9,0,0.9,0,0
CUST0835,40,Male,South,Basic,15,31,5.1,43.45,276.99,0.3,0.45,2.5,2,2,0,0
CUST0836,54,Male,West,Premium,59,93,5.9,59.23,1718.16,5.5,0.49,4.3,1,4.3,0,1
CUST0837,54,Male,North,Premium,22,69,5,74.57,683.56,8.2,0.35,2,1,3.2,0,1
CUST0838,27,Female,South,Standard,51,62,3.5,68.57,1019.98,3.6,0.38,1.6,1,1,2,1
CUST0839,27,Female,North,Standard,48,52,0.5,43.08,86.16,0.3,0.09,1,2,0.7,0,1
CUST0840,36,Male,East,Premium,21,89,1.8,96.65,304.45,3.8,0.24,5,1,0.7,0,1
CUST0841,34,Female,South,Basic,59,41,3.7,47.92,871.74,13.7,0.42,4.7,1,0.9,0,0
CUST0842,38,Male,West,Premium,56,31,2,52.96,494.29,4.6,0.27,3.4,2,1.4,0,1
CUST0843,31,Male,South,Basic,22,85,8,83.53,1225.11,8.3,0.29,6,0,1.1,0,1
CUST0844,26,Female,North,Premium,36,84,1.5,84.61,380.74,8.1,0.19,2,3,0.5,0,1
CUST0845,63,Male,North,Basic,34,103,1.4,56.65,224.71,13.5,0.18,4.8,2,0.5,0,1
CUST0846,18,Female,South,Premium,30,22,1.2,10,30,7.4,0.43,4.1,1,0.8,0,0
CUST0847,68,Male,West,Premium,25,4,1.6,48.44,161.47,6.9,0.15,2.5,0,1.7,1,1
CUST0848,62,Female,West,Basic,45,13,3.3,79.86,988.27,1.3,0.75,3,0,1.8,1,0
CUST0849,30,Female,West,Standard,28,45,4.9,95.66,1093.71,0.3,0.08,2.9,1,1.3,0,1
CUST0850,21,Female,North,Premium,1,42,4.3,72.62,26.02,3.6,0.31,4.5,2,2.7,0,0
CUST0851,18,Male,South,Standard,49,114,6.6,60.63,1633.98,0.7,0.2,5.2,1,2.7,0,1
CUST0852,66,Male,East,Premium,45,49,8.7,143.8,4691.47,16.4,0.19,3.1,1,1.1,0,0
CUST0853,57,Female,North,Standard,4,20,6.8,63.83,144.68,1.7,0.31,2.6,3,0.5,0,0
CUST0854,49,Female,West,Basic,7,116,0.5,93.37,27.23,9.6,0.35,4.3,2,1.5,1,1
CUST0855,51,Male,South,Basic,49,77,5.3,34.95,756.38,2.5,0.02,1,2,1,0,0
CUST0856,45,Male,West,Basic,9,81,0.9,42.29,28.55,2,0.26,4.1,3,0.5,0,1
CUST0857,48,Male,East,Premium,36,54,0.6,94.42,169.96,13.7,0.2,7.1,1,8,0,1
CUST0858,25,Female,West,Basic,19,36,4.1,106.34,690.32,2.3,0.81,2.6,1,0.9,1,0
CUST0859,56,Male,West,Standard,1,97,1.5,63.31,7.91,2.5,0.26,3.6,1,2,0,1
CUST0860,43,Male,East,Standard,10,1,0.5,19.54,8.14,0.6,0.05,6,0,1.3,0,0
CUST0861,51,Female,South,Standard,36,15,0.6,69.97,125.95,5.6,0.36,5.5,1,0.5,1,0
CUST0862,20,Male,North,Premium,9,77,0.5,80.68,30.26,1.7,0.55,4.1,0,0.5,1,1
CUST0863,67,Male,South,Premium,45,17,9.3,77.96,2718.86,4.4,0.37,3.9,2,2,2,0
CUST0864,29,Male,East,Standard,46,24,0.5,58.1,111.36,4.5,0.02,1.5,1,0.6,0,0
CUST0865,18,Female,West,Premium,42,58,0.9,70.41,221.79,6.4,0.14,5,1,0.6,0,0
CUST0866,61,Female,South,Premium,32,72,2.2,52.51,308.06,6.8,0.59,1.3,0,6.3,0,1
CUST0867,22,Female,North,Standard,32,114,1.8,41.64,199.87,3.6,0.35,1,1,1.2,0,1
CUST0868,47,Female,East,Premium,6,91,9.7,97.67,473.7,2,0.28,6,2,0.5,0,0
CUST0869,47,Female,South,Basic,48,109,0.5,77.93,155.86,9.1,0.13,4.8,6,0.8,1,1
CUST0870,34,Female,North,Basic,38,23,2.9,70.48,647.24,1.9,0.14,5.8,2,1.8,0,1
CUST0871,65,Female,East,Premium,17,46,4.6,59.79,389.63,3.5,0.48,2.5,0,0.8,1,0
CUST0872,64,Male,North,Standard,10,72,10.7,69.59,620.51,2.6,0.3,4.9,0,0.5,3,0
CUST0873,40,Male,East,Premium,50,8,3.9,79.81,1296.91,9.7,0.35,3.1,3,1.2,0,0
CUST0874,32,Female,West,Premium,27,59,6.5,126.86,1855.33,2.8,0.13,3.3,1,0.5,0,0
CUST0875,54,Male,South,Basic,54,90,0.5,94.64,212.94,2.4,0.57,5.9,1,1.9,0,1
CUST0876,38,Male,North,Premium,50,111,2,55.01,458.42,5.9,0.04,3.7,2,1.9,0,0
CUST0877,31,Female,East,Standard,35,59,1.9,55.33,306.62,4.6,0.06,2.6,2,0.5,0,1
CUST0878,19,Male,North,Standard,52,13,8.7,50.65,1909.5,0.6,0.11,1.3,2,0.7,1,0
CUST0879,28,Male,North,Standard,59,39,0.7,68.98,237.41,3.5,0.31,4.7,4,1.1,0,0
CUST0880,68,Male,South,Premium,21,101,0.7,50.63,62.02,6.6,0.36,6.1,4,1.6,1,1
CUST0881,56,Male,West,Basic,25,113,1.6,89.24,297.47,24.2,0.49,2.4,0,0.7,0,0
CUST0882,55,Male,North,Standard,28,28,0.5,10,11.67,5,0.26,5.4,3,0.7,0,0
CUST0883,51,Female,East,Standard,47,89,0.8,91.06,285.32,2.3,0.45,2.1,1,8.2,1,1
CUST0884,55,Female,East,Standard,15,61,13.4,83.26,1394.61,1.3,0.17,5.5,2,0.5,1,0
CUST0885,67,Female,West,Standard,4,16,2.2,112.88,82.78,10.3,0.16,4.1,0,9,1,1
CUST0886,51,Male,East,Basic,29,119,4,101.3,979.23,8.4,0.09,4.5,1,0.5,0,1
CUST0887,35,Female,West,Basic,59,2,5.2,54.49,1393.13,1.3,0.56,2.6,3,0.7,0,0
CUST0888,47,Male,East,Basic,9,118,1.8,97.93,132.21,1.1,0.21,4.7,0,1.4,0,1
CUST0889,32,Male,South,Premium,27,82,0.6,69.96,94.45,6.3,0.49,2.8,2,0.5,0,1
CUST0890,44,Male,North,Basic,26,17,0.9,16.97,33.09,1.9,0.3,3.2,0,0.5,1,0
CUST0891,68,Male,South,Basic,19,30,1.5,79.76,189.43,1.8,0.42,1,0,0.6,0,0
CUST0892,51,Female,North,Premium,56,103,4,56.27,1050.37,0.8,0.28,2.5,1,7.3,0,1
CUST0893,69,Female,North,Basic,28,13,2,75.01,350.05,1.5,0.53,2.9,1,1,0,0
CUST0894,55,Male,North,Premium,17,96,0.5,124.54,88.22,2.8,0.17,4.6,0,1.7,0,1
CUST0895,50,Female,South,Standard,43,114,3,81.74,878.7,6.6,0.51,5.2,0,2.4,2,1
CUST0896,41,Male,North,Premium,57,93,10.2,44.48,2155.06,2,0.11,2.8,0,2.7,1,0
CUST0897,32,Female,South,Basic,41,110,6.7,103.93,2379.13,2,0.73,3.7,3,2.3,1,1
CUST0898,47,Female,West,Basic,42,94,7,85.88,2104.06,1.7,0.52,7.4,1,0.8,0,0
CUST0899,59,Male,East,Standard,50,82,6.3,40.95,1074.94,3.3,0.34,4.3,3,0.5,0,0
CUST0900,68,Female,East,Premium,20,13,1.6,26.81,71.49,1,0.47,2.9,1,0.7,0,0
CUST0901,34,Male,North,Standard,45,43,5.8,45.68,993.54,3.3,0.28,1,1,0.5,0,1
CUST0902,22,Female,South,Basic,40,85,0.6,100.09,200.18,6.1,0.67,2.3,1,0.5,0,1
CUST0903,46,Male,East,Premium,39,94,4.3,65.95,921.65,0.2,0.66,2.2,2,0.5,0,1
CUST0904,21,Male,South,Premium,49,21,4.1,77.43,1296.31,0,0.13,8,0,5.5,1,1
CUST0905,27,Female,South,Standard,53,112,0.5,34.84,76.94,0.4,0.06,2.3,1,5.1,0,1
CUST0906,34,Female,North,Premium,23,55,6.2,100.9,1199.03,3.8,0.36,4.1,3,0.5,1,0
CUST0907,27,Male,East,Premium,47,81,9.3,14.54,529.62,9.6,0.24,4.7,3,0.5,1,0
CUST0908,34,Female,North,Standard,32,40,1.2,55.34,177.09,0,0.5,6.2,1,0.5,0,0
CUST0909,37,Female,North,Basic,52,83,6.7,87.55,2541.87,13.8,0.5,4,1,0.7,0,0
CUST0910,41,Male,East,Standard,47,116,0.5,41.32,80.92,0.6,0.24,3,0,0.5,0,1
CUST0911,22,Male,East,Basic,33,15,3.7,93.42,950.55,9.2,0.27,2.8,1,5.8,0,0
CUST0912,51,Female,West,Standard,57,73,2.7,48.92,627.4,3.3,0.27,4.7,2,0.5,0,0
CUST0913,23,Male,West,Standard,46,52,3.2,38.22,468.83,5.4,0.08,2.6,2,0.5,0,1
CUST0914,19,Male,South,Basic,5,74,10.4,113.59,492.22,3.6,0.4,1.8,0,0.5,0,0
CUST0915,30,Male,East,Basic,43,108,8.2,79.62,2339.5,3.2,0.24,3,2,7.9,0,1
CUST0916,60,Female,West,Basic,48,95,6.2,90.57,2246.14,9,0.23,1.4,1,5,0,1
CUST0917,60,Female,South,Premium,34,53,1.3,105.55,388.78,7.1,0.21,7.7,0,2.5,1,1
CUST0918,65,Male,South,Premium,40,87,9.7,10,323.33,3.3,0.23,5.2,0,1.1,1,1
CUST0919,28,Female,South,Basic,11,52,0.5,94.04,43.1,0.6,0.33,7.2,0,0.5,1,1
CUST0920,68,Male,West,Premium,50,30,7.7,52.17,1673.79,0.6,0.11,5,2,0.5,0,0
CUST0921,64,Female,East,Standard,3,33,1.6,56.12,22.45,8.1,0.41,7,1,1.2,0,0
CUST0922,40,Male,North,Basic,58,57,0.5,88.12,212.96,3.8,0.14,4.7,1,2.9,0,1
CUST0923,33,Male,South,Basic,33,52,4.4,64.11,775.73,3.3,0.16,5.5,0,0.6,0,0
CUST0924,48,Female,West,Standard,11,9,1.1,92.84,93.61,5.7,0.5,1,1,0.7,0,0
CUST0925,28,Male,West,Premium,16,54,1.1,73.77,108.2,9.8,0.25,2.2,2,1.8,0,1
CUST0926,33,Female,North,Standard,18,111,1.5,80.05,180.11,5,0.32,4.1,2,0.5,0,1
CUST0927,25,Female,North,Basic,30,1,0.5,60.29,75.36,7.2,0.25,4.1,0,1.8,0,0
CUST0928,21,Male,West,Basic,48,44,0.8,43.05,137.76,7.2,0.1,3.8,0,1,0,0
CUST0929,57,Male,East,Standard,55,99,0.5,52.79,120.98,2.2,0.35,4.9,2,0.5,0,1
CUST0930,21,Female,North,Basic,10,75,2.4,71.92,143.84,1.6,0.18,5,1,1,1,1
CUST0931,42,Male,West,Basic,18,98,0.5,130.12,97.59,8.1,0.14,5.7,0,5,1,1
CUST0932,20,Male,North,Basic,38,80,4.6,119.16,1735.76,2.4,0.57,5.3,0,0.7,0,0
CUST0933,49,Male,East,Premium,19,9,1.1,55.4,96.49,11.7,0.4,6.4,1,0.8,0,0
CUST0934,20,Male,South,Premium,36,32,11.5,76.81,2649.94,0.4,0.22,6.4,2,0.5,0,0
CUST0935,44,Male,North,Standard,59,15,8.2,66.37,2675.82,0.3,0.52,4.3,1,1.9,1,0
CUST0936,46,Female,East,Premium,13,12,1.4,78.91,119.68,13.1,0.69,8.2,2,3.8,1,0
CUST0937,49,Female,West,Basic,56,97,6.1,82.77,2356.19,5.2,0.42,6.7,0,0.9,0,1
CUST0938,67,Male,North,Standard,46,109,6.5,90.83,2263.18,2.4,0.07,2.4,1,0.5,0,1
CUST0939,68,Male,North,Basic,3,78,17.2,10,43,7,0.25,4.8,1,6.3,0,0
CUST0940,36,Male,West,Standard,10,57,3.6,85.99,257.97,5.6,0.16,1,0,2.7,0,0
CUST0941,38,Female,South,Premium,38,8,0.5,63.03,99.8,3.8,0.12,1,1,1.7,0,1
CUST0942,22,Male,West,Standard,1,72,4.2,53.85,18.85,0.5,0.3,3,1,0.7,0,1
CUST0943,35,Female,North,Basic,55,27,3.9,98.83,1766.59,8.4,0.17,2.2,1,0.5,1,0
CUST0944,45,Female,West,Standard,56,62,4.1,119,2276.87,10.1,0.28,3,1,2.5,1,1
CUST0945,59,Female,East,Basic,27,12,1.5,95.67,322.89,0.9,0.45,4.7,1,1.5,0,0
CUST0946,39,Male,West,Premium,46,65,7.9,59.44,1800.04,9.5,0.11,6.5,1,1.5,2,1
CUST0947,38,Female,North,Standard,8,107,12.8,42.72,364.54,10.5,0.4,6.3,2,0.5,0,1
CUST0948,23,Male,West,Standard,51,104,1,10,42.5,4,0.34,4.8,1,1.4,0,1
CUST0949,18,Female,South,Standard,46,42,0.5,80.48,154.25,5.3,0.18,1.8,0,3.5,1,1
CUST0950,22,Male,West,Standard,42,62,0.9,92.37,290.97,2.4,0.39,2.9,1,5.9,1,1
CUST0951,58,Female,South,Basic,17,115,6.9,71.94,703.21,1.7,0.44,5.3,0,0.5,0,0
CUST0952,29,Male,East,Standard,9,11,4.5,103.01,347.66,6.4,0.38,2.3,0,2,2,0
CUST0953,43,Female,South,Basic,6,103,4,35.39,70.78,9.9,0.37,1.5,0,1.7,1,1
CUST0954,63,Male,West,Standard,43,43,2.1,69.86,525.7,5.3,0.02,5,2,4.4,2,1
CUST0955,51,Male,North,Premium,25,95,3.4,67.49,478.05,3.6,0.2,3.9,2,2.8,1,1
CUST0956,66,Male,South,Premium,39,17,1.5,71.7,349.54,0.9,0.29,3.6,3,6.7,0,1
CUST0957,31,Male,East,Standard,49,97,2.6,110.04,1168.26,0.3,0.18,6.2,0,6.4,0,0
CUST0958,43,Female,South,Standard,28,32,6.3,71.85,1056.2,3,0.32,6.2,0,0.5,0,0
CUST0959,62,Female,South,Basic,33,93,15.9,66.16,2892.85,0.3,0.21,7.6,5,2.6,1,0
CUST0960,44,Male,South,Premium,54,85,10.8,46.9,2279.34,4.2,0.2,2.7,1,1.5,0,1
CUST0961,26,Female,East,Basic,37,85,10.9,114.86,3860.25,2.4,0.13,4.9,1,0.5,0,0
CUST0962,43,Male,West,Standard,9,40,2.1,32.06,50.49,7.1,0.1,4,1,0.5,0,0
CUST0963,64,Male,South,Basic,18,23,2.5,58.41,219.04,1.8,0.13,4.7,2,0.5,0,0
CUST0964,39,Female,South,Basic,56,56,4.9,125.82,2877.08,4.5,0.34,1.7,0,3.2,0,0
CUST0965,64,Male,North,Standard,59,6,10.2,89.05,4465.86,3.9,0.19,1.2,2,0.8,0,0
CUST0966,47,Male,East,Basic,21,86,0.6,74.39,78.11,0,0.26,3.9,1,3.9,1,1
CUST0967,60,Female,South,Standard,2,50,1.5,75.65,18.91,0.4,0.17,2.3,2,1.9,1,1
CUST0968,65,Male,East,Basic,58,102,0.6,46.61,135.17,1.7,0.48,5.9,2,2.2,1,1
CUST0969,34,Male,South,Basic,43,37,3.8,72.94,993.2,10.7,0.11,1,1,0.7,1,1
CUST0970,43,Male,West,Standard,59,109,1.5,64.5,475.69,0.8,0.49,1.2,3,1.2,0,1
CUST0971,53,Male,West,Basic,38,64,1.6,80.39,407.31,6.2,0.16,3.2,3,1.1,0,1
CUST0972,18,Female,South,Basic,58,115,0.5,29.81,72.04,18.1,0.05,1,0,0.5,0,1
CUST0973,25,Female,West,Standard,40,54,1.7,86.94,492.66,7.8,0.39,7.4,1,3.6,1,0
CUST0974,66,Female,South,Basic,36,72,7.9,105.5,2500.35,1.4,0.33,3.6,1,1.9,1,0
CUST0975,52,Male,West,Premium,50,105,1.1,68.89,315.75,11.9,0.05,2.8,2,0.5,1,1
CUST0976,69,Male,North,Basic,43,49,4.8,94.41,1623.85,0.5,0.25,4.9,1,3.4,0,1
CUST0977,32,Female,North,Basic,37,99,4,84.31,1039.82,3.2,0.4,5.8,2,0.5,0,0
CUST0978,64,Male,North,Standard,15,115,8,56.77,567.7,10.9,0.22,4.4,1,1,1,1
CUST0979,39,Male,East,Basic,28,11,0.6,43.24,60.54,5.1,0.11,3.9,3,1.7,0,0
CUST0980,31,Male,East,Basic,18,88,15.2,47.45,1081.86,2.7,0.52,2,2,0.5,0,1
CUST0981,43,Male,North,Basic,34,49,3.5,83.79,830.92,1.7,0.13,5.3,1,2.1,0,1
CUST0982,45,Female,East,Basic,22,21,20,73.32,2688.4,2.4,0.42,6.8,3,2.2,0,0
CUST0983,40,Female,West,Premium,11,115,9.7,113.25,1006.98,3.6,0.33,3.6,0,2.1,0,1
CUST0984,31,Female,South,Basic,58,66,1,98.73,477.2,1.9,0.37,2.3,3,0.5,1,1
CUST0985,41,Male,South,Premium,57,63,0.5,98.66,234.32,17.4,0.35,4.4,1,0.6,1,0
CUST0986,19,Female,South,Premium,13,104,1.2,82.89,107.76,13.5,0.29,4,0,0.6,0,1
CUST0987,62,Female,North,Standard,4,83,3,46.13,46.13,10.2,0.33,1.6,0,6.4,1,1
CUST0988,43,Male,East,Premium,22,103,0.8,84.76,124.31,2.7,0.4,3,4,0.5,0,0
CUST0989,31,Male,West,Basic,7,28,0.7,76.92,31.41,5.9,0.35,7.6,1,1.1,1,0
CUST0990,68,Female,West,Premium,43,17,2.5,40.85,365.95,11.7,0.29,1.3,1,4.1,0,0
CUST0991,24,Female,North,Basic,54,6,0.5,111.3,250.42,9.5,0.35,2.6,1,2.9,0,0
CUST0992,20,Female,West,Standard,24,19,0.5,108.07,108.07,2.7,0.56,2.1,0,3.5,0,1
CUST0993,64,Female,West,Standard,4,56,2.2,40.68,29.83,0.6,0.9,2.3,1,7.2,0,1
CUST0994,40,Male,West,Basic,28,102,0.5,55.87,65.18,0.4,0.19,3.1,2,1,0,1
CUST0995,63,Female,West,Standard,15,28,2,58.5,146.25,4.3,0.5,4.9,3,0.7,0,1
CUST0996,60,Female,East,Standard,1,66,2.6,93.3,20.22,5.1,0.59,6.6,0,0.5,1,1
CUST0997,64,Male,West,Basic,55,38,2.4,89.84,988.24,9.5,0.08,4.4,0,0.5,1,1
CUST0998,62,Female,South,Basic,3,119,8.1,76.33,154.57,1.7,0.33,2.6,2,1.7,3,1
CUST0999,35,Male,North,Standard,14,37,3,83.22,291.27,0.9,0.34,7.1,1,0.5,0,1
CUST1000,55,Male,East,Standard,38,115,2.5,36.37,287.93,2.4,0.63,1,0,2.7,0,1
